"artist_name","Valence","danceability","energy","loudness","speechiness","acousticness","liveness","tempo","track_name","album_name","album_release_year"
"Taylor Swift",0.685,0.757,0.61,-4.84,0.0327,0.00942,0.367,116.998,"Welcome To New York (Taylor's Version)","1989 (Taylor's Version) [Deluxe]",2023
"Taylor Swift",0.701,0.733,0.733,-5.376,0.067,0.0885,0.168,96.057,"Blank Space (Taylor's Version)","1989 (Taylor's Version) [Deluxe]",2023
"Taylor Swift",0.305,0.511,0.822,-4.785,0.0397,0.000421,0.0899,94.868,"Style (Taylor's Version)","1989 (Taylor's Version) [Deluxe]",2023
"Taylor Swift",0.206,0.545,0.885,-5.968,0.0447,0.000537,0.385,92.021,"Out Of The Woods (Taylor's Version)","1989 (Taylor's Version) [Deluxe]",2023
"Taylor Swift",0.52,0.588,0.721,-5.579,0.0317,0.000656,0.131,96.997,"All You Had To Do Was Stay (Taylor's Version)","1989 (Taylor's Version) [Deluxe]",2023
"Taylor Swift",0.917,0.636,0.808,-5.693,0.0729,0.0121,0.359,160.058,"Shake It Off (Taylor's Version)","1989 (Taylor's Version) [Deluxe]",2023
"Taylor Swift",0.539,0.67,0.858,-6.528,0.0439,0.00354,0.0687,118.009,"I Wish You Would (Taylor's Version)","1989 (Taylor's Version) [Deluxe]",2023
"Taylor Swift",0.363,0.618,0.683,-6.438,0.194,0.0362,0.305,169.971,"Bad Blood (Taylor's Version)","1989 (Taylor's Version) [Deluxe]",2023
"Taylor Swift",0.514,0.589,0.674,-7.48,0.0656,0.0436,0.112,139.985,"Wildest Dreams (Taylor's Version)","1989 (Taylor's Version) [Deluxe]",2023
"Taylor Swift",0.538,0.758,0.691,-5.798,0.0515,0.00196,0.0939,119.997,"How You Get The Girl (Taylor's Version)","1989 (Taylor's Version) [Deluxe]",2023
"Taylor Swift",0.0567,0.471,0.509,-8.796,0.0355,0.316,0.0673,144.071,"This Love (Taylor’s Version)","1989 (Taylor's Version) [Deluxe]",2023
"Taylor Swift",0.652,0.582,0.788,-5.358,0.0445,0.0999,0.115,160.027,"I Know Places (Taylor's Version)","1989 (Taylor's Version) [Deluxe]",2023
"Taylor Swift",0.258,0.772,0.391,-8.892,0.0293,0.25,0.0981,103.955,"Clean (Taylor's Version)","1989 (Taylor's Version) [Deluxe]",2023
"Taylor Swift",0.385,0.464,0.705,-5.97,0.0434,0.00976,0.209,183.892,"Wonderland (Taylor's Version)","1989 (Taylor's Version) [Deluxe]",2023
"Taylor Swift",0.477,0.363,0.498,-9.473,0.0755,0.61,0.112,84.68,"You Are In Love (Taylor's Version)","1989 (Taylor's Version) [Deluxe]",2023
"Taylor Swift",0.698,0.649,0.846,-5.958,0.0602,0.00675,0.0824,121.978,"New Romantics (Taylor's Version)","1989 (Taylor's Version) [Deluxe]",2023
"Taylor Swift",0.328,0.591,0.412,-13.27,0.0863,0.309,0.0608,155.875,"""Slut!"" (Taylor's Version) (From The Vault)","1989 (Taylor's Version) [Deluxe]",2023
"Taylor Swift",0.164,0.633,0.551,-8.297,0.0341,0.066,0.127,109.95,"Say Don't Go (Taylor's Version) (From The Vault)","1989 (Taylor's Version) [Deluxe]",2023
"Taylor Swift",0.0831,0.8,0.501,-9.332,0.034,0.16,0.0874,110.013,"Now That We Don't Talk (Taylor's Version) (From The Vault)","1989 (Taylor's Version) [Deluxe]",2023
"Taylor Swift",0.323,0.701,0.625,-8.804,0.036,0.207,0.105,118.036,"Suburban Legends (Taylor's Version) (From The Vault)","1989 (Taylor's Version) [Deluxe]",2023
"Taylor Swift",0.191,0.595,0.656,-7.343,0.037,0.041,0.122,99.994,"Is It Over Now? (Taylor's Version) (From The Vault)","1989 (Taylor's Version) [Deluxe]",2023
"Taylor Swift",0.174,0.602,0.648,-6.905,0.103,0.0104,0.217,170.091,"Bad Blood (feat. Kendrick Lamar) (Taylor's Version)","1989 (Taylor's Version) [Deluxe]",2023
"Taylor Swift",0.674,0.761,0.607,-4.83,0.0312,0.00961,0.367,116.98,"Welcome To New York (Taylor's Version)","1989 (Taylor's Version)",2023
"Taylor Swift",0.755,0.737,0.725,-5.417,0.0641,0.0976,0.174,96.012,"Blank Space (Taylor's Version)","1989 (Taylor's Version)",2023
"Taylor Swift",0.292,0.575,0.824,-4.823,0.038,0.000418,0.0901,94.971,"Style (Taylor's Version)","1989 (Taylor's Version)",2023
"Taylor Swift",0.192,0.547,0.885,-5.961,0.0418,0.000512,0.39,91.992,"Out Of The Woods (Taylor's Version)","1989 (Taylor's Version)",2023
"Taylor Swift",0.481,0.586,0.72,-5.556,0.035,0.000718,0.0949,97.057,"All You Had To Do Was Stay (Taylor's Version)","1989 (Taylor's Version)",2023
"Taylor Swift",0.921,0.632,0.807,-5.676,0.0738,0.0103,0.29,160.055,"Shake It Off (Taylor's Version)","1989 (Taylor's Version)",2023
"Taylor Swift",0.541,0.669,0.851,-6.526,0.0432,0.00357,0.0676,118.026,"I Wish You Would (Taylor's Version)","1989 (Taylor's Version)",2023
"Taylor Swift",0.364,0.619,0.686,-6.369,0.164,0.0385,0.307,169.943,"Bad Blood (Taylor's Version)","1989 (Taylor's Version)",2023
"Taylor Swift",0.514,0.581,0.672,-7.415,0.0739,0.0411,0.118,140.061,"Wildest Dreams (Taylor's Version)","1989 (Taylor's Version)",2023
"Taylor Swift",0.547,0.754,0.682,-5.789,0.0565,0.00209,0.0941,120.027,"How You Get The Girl (Taylor's Version)","1989 (Taylor's Version)",2023
"Taylor Swift",0.0586,0.474,0.511,-8.766,0.0339,0.299,0.0673,144.022,"This Love (Taylor’s Version)","1989 (Taylor's Version)",2023
"Taylor Swift",0.68,0.575,0.803,-5.393,0.0465,0.087,0.0971,160.039,"I Know Places (Taylor's Version)","1989 (Taylor's Version)",2023
"Taylor Swift",0.239,0.771,0.386,-8.917,0.0297,0.276,0.121,103.96,"Clean (Taylor's Version)","1989 (Taylor's Version)",2023
"Taylor Swift",0.337,0.462,0.708,-5.971,0.0555,0.00933,0.198,183.811,"Wonderland (Taylor's Version)","1989 (Taylor's Version)",2023
"Taylor Swift",0.492,0.537,0.495,-9.416,0.0573,0.609,0.112,84.948,"You Are In Love (Taylor's Version)","1989 (Taylor's Version)",2023
"Taylor Swift",0.698,0.651,0.855,-5.959,0.0538,0.0068,0.0759,121.98,"New Romantics (Taylor's Version)","1989 (Taylor's Version)",2023
"Taylor Swift",0.306,0.629,0.413,-13.178,0.055,0.345,0.0603,77.983,"""Slut!"" (Taylor's Version) (From The Vault)","1989 (Taylor's Version)",2023
"Taylor Swift",0.192,0.626,0.547,-8.285,0.0342,0.0656,0.149,109.946,"Say Don't Go (Taylor's Version) (From The Vault)","1989 (Taylor's Version)",2023
"Taylor Swift",0.0662,0.793,0.512,-9.319,0.0338,0.186,0.0889,109.994,"Now That We Don't Talk (Taylor's Version) (From The Vault)","1989 (Taylor's Version)",2023
"Taylor Swift",0.344,0.699,0.621,-8.739,0.0369,0.198,0.104,118.048,"Suburban Legends (Taylor's Version) (From The Vault)","1989 (Taylor's Version)",2023
"Taylor Swift",0.176,0.596,0.658,-7.346,0.036,0.0504,0.127,100.012,"Is It Over Now? (Taylor's Version) (From The Vault)","1989 (Taylor's Version)",2023
"Taylor Swift",0.49,0.646,0.783,-2.846,0.0356,0.00444,0.171,121.08,"Mine (Taylor's Version)","Speak Now (Taylor's Version)",2023
"Taylor Swift",0.387,0.588,0.758,-2.347,0.0305,0.0251,0.131,114.991,"Sparks Fly (Taylor’s Version)","Speak Now (Taylor's Version)",2023
"Taylor Swift",0.203,0.497,0.635,-3.927,0.0273,0.00621,0.117,142.063,"Back To December (Taylor's Version)","Speak Now (Taylor's Version)",2023
"Taylor Swift",0.639,0.727,0.677,-2.871,0.0325,0.248,0.143,118.995,"Speak Now (Taylor's Version)","Speak Now (Taylor's Version)",2023
"Taylor Swift",0.133,0.419,0.47,-5.016,0.0296,0.0236,0.163,119.294,"Dear John (Taylor's Version)","Speak Now (Taylor's Version)",2023
"Taylor Swift",0.621,0.524,0.692,-3.866,0.0369,0.311,0.192,163.874,"Mean (Taylor's Version)","Speak Now (Taylor's Version)",2023
"Taylor Swift",0.57,0.515,0.781,-2.608,0.0535,0.00192,0.054,139.846,"The Story Of Us (Taylor's Version)","Speak Now (Taylor's Version)",2023
"Taylor Swift",0.569,0.685,0.323,-7.103,0.0289,0.851,0.198,125.058,"Never Grow Up (Taylor's Version)","Speak Now (Taylor's Version)",2023
"Taylor Swift",0.216,0.505,0.532,-3.526,0.0265,0.012,0.149,81.907,"Enchanted (Taylor's Version)","Speak Now (Taylor's Version)",2023
"Taylor Swift",0.665,0.496,0.885,-2.969,0.0803,0.000886,0.191,145.863,"Better Than Revenge (Taylor's Version)","Speak Now (Taylor's Version)",2023
"Taylor Swift",0.149,0.522,0.598,-5.327,0.0284,0.101,0.152,133.627,"Innocent (Taylor's Version)","Speak Now (Taylor's Version)",2023
"Taylor Swift",0.355,0.427,0.915,-1.909,0.0619,0.00667,0.221,162.201,"Haunted (Taylor's Version)","Speak Now (Taylor's Version)",2023
"Taylor Swift",0.16,0.55,0.366,-8.46,0.0276,0.447,0.101,79.401,"Last Kiss (Taylor's Version)","Speak Now (Taylor's Version)",2023
"Taylor Swift",0.0752,0.375,0.65,-4.031,0.0402,0.0122,0.189,203.89,"Long Live (Taylor's Version)","Speak Now (Taylor's Version)",2023
"Taylor Swift",0.348,0.535,0.488,-8.261,0.0278,0.449,0.111,159.813,"Ours (Taylor’s Version)","Speak Now (Taylor's Version)",2023
"Taylor Swift",0.356,0.533,0.742,-3.473,0.0303,0.0031,0.108,131.93,"Superman (Taylor’s Version)","Speak Now (Taylor's Version)",2023
"Taylor Swift",0.282,0.547,0.855,-4.7,0.0597,0.0164,0.144,131.073,"Electric Touch (feat. Fall Out Boy) (Taylor’s Version) (From The Vault)","Speak Now (Taylor's Version)",2023
"Taylor Swift",0.231,0.474,0.763,-4.632,0.0505,0.159,0.138,78.133,"When Emma Falls in Love (Taylor’s Version) (From The Vault)","Speak Now (Taylor's Version)",2023
"Taylor Swift",0.819,0.694,0.764,-4.893,0.0337,0.0586,0.0608,123.044,"I Can See You (Taylor’s Version) (From The Vault)","Speak Now (Taylor's Version)",2023
"Taylor Swift",0.378,0.576,0.57,-7.925,0.0434,0.362,0.0668,147.803,"Castles Crumbling (feat. Hayley Williams) (Taylor’s Version) (From The Vault)","Speak Now (Taylor's Version)",2023
"Taylor Swift",0.543,0.671,0.588,-4.675,0.0299,0.617,0.111,96.965,"Foolish One (Taylor’s Version) (From The Vault)","Speak Now (Taylor's Version)",2023
"Taylor Swift",0.65,0.624,0.585,-5.847,0.0328,0.3,0.0916,142.883,"Timeless (Taylor’s Version) (From The Vault)","Speak Now (Taylor's Version)",2023
"Taylor Swift",0.0751,0.735,0.454,-10.516,0.0876,0.236,0.133,97.043,"Lavender Haze","Midnights (The Til Dawn Edition)",2023
"Taylor Swift",0.0382,0.65,0.397,-8.237,0.0365,0.0609,0.089,108.055,"Maroon","Midnights (The Til Dawn Edition)",2023
"Taylor Swift",0.497,0.637,0.649,-6.59,0.0584,0.115,0.147,96.935,"Anti-Hero","Midnights (The Til Dawn Edition)",2023
"Taylor Swift",0.166,0.653,0.331,-13.534,0.039,0.705,0.116,110.014,"Snow On The Beach (feat. Lana Del Rey)","Midnights (The Til Dawn Edition)",2023
"Taylor Swift",0.39,0.694,0.386,-10.312,0.0597,0.423,0.126,120.044,"You're On Your Own, Kid","Midnights (The Til Dawn Edition)",2023
"Taylor Swift",0.198,0.654,0.372,-11.704,0.0667,0.705,0.114,140.15,"Midnight Rain","Midnights (The Til Dawn Edition)",2023
"Taylor Swift",0.113,0.741,0.509,-8.747,0.19,0.205,0.262,108.978,"Question...?","Midnights (The Til Dawn Edition)",2023
"Taylor Swift",0.157,0.867,0.272,-11.014,0.363,0.157,0.118,79.962,"Vigilante Shit","Midnights (The Til Dawn Edition)",2023
"Taylor Swift",0.425,0.695,0.546,-9.184,0.066,0.0648,0.0883,164,"Bejeweled","Midnights (The Til Dawn Edition)",2023
"Taylor Swift",0.13,0.493,0.308,-15.489,0.0436,0.804,0.123,109.993,"Labyrinth","Midnights (The Til Dawn Edition)",2023
"Taylor Swift",0.0956,0.647,0.614,-7.091,0.0651,0.0782,0.611,90.034,"Karma","Midnights (The Til Dawn Edition)",2023
"Taylor Swift",0.391,0.335,0.166,-14.958,0.048,0.967,0.115,175.917,"Sweet Nothing","Midnights (The Til Dawn Edition)",2023
"Taylor Swift",0.126,0.661,0.345,-14.037,0.144,0.545,0.0871,125.977,"Mastermind","Midnights (The Til Dawn Edition)",2023
"Taylor Swift",0.592,0.573,0.737,-9.002,0.0352,0.203,0.0851,96.009,"The Great War","Midnights (The Til Dawn Edition)",2023
"Taylor Swift",0.0633,0.48,0.22,-12.469,0.0425,0.837,0.116,82.951,"Bigger Than The Whole Sky","Midnights (The Til Dawn Edition)",2023
"Taylor Swift",0.454,0.691,0.498,-10.519,0.101,0.116,0.136,110.963,"Paris","Midnights (The Til Dawn Edition)",2023
"Taylor Swift",0.766,0.564,0.545,-10.17,0.104,0.726,0.0878,176.082,"High Infidelity","Midnights (The Til Dawn Edition)",2023
"Taylor Swift",0.399,0.677,0.451,-9.744,0.19,0.318,0.11,140.845,"Glitch","Midnights (The Til Dawn Edition)",2023
"Taylor Swift",0.534,0.482,0.837,-6.501,0.12,0.435,0.123,157.96,"Would've, Could've, Should've","Midnights (The Til Dawn Edition)",2023
"Taylor Swift",0.162,0.475,0.386,-12.038,0.0737,0.497,0.119,107.601,"Dear Reader","Midnights (The Til Dawn Edition)",2023
"Taylor Swift",0.239,0.672,0.782,-6.499,0.0421,0.148,0.296,106.026,"Hits Different","Midnights (The Til Dawn Edition)",2023
"Taylor Swift",0.315,0.664,0.401,-10.934,0.0344,0.806,0.108,109.846,"Snow On The Beach (feat. More Lana Del Rey)","Midnights (The Til Dawn Edition)",2023
"Taylor Swift",0.0734,0.615,0.616,-6.523,0.0622,0.0623,0.579,89.977,"Karma (feat. Ice Spice)","Midnights (The Til Dawn Edition)",2023
"Taylor Swift",0.0984,0.735,0.444,-10.519,0.0684,0.204,0.17,97.038,"Lavender Haze","Midnights (3am Edition)",2022
"Taylor Swift",0.0382,0.658,0.378,-8.3,0.0379,0.0593,0.0976,108.034,"Maroon","Midnights (3am Edition)",2022
"Taylor Swift",0.519,0.638,0.634,-6.582,0.0457,0.133,0.152,96.953,"Anti-Hero","Midnights (3am Edition)",2022
"Taylor Swift",0.154,0.659,0.323,-13.425,0.0436,0.735,0.116,110.007,"Snow On The Beach (feat. Lana Del Rey)","Midnights (3am Edition)",2022
"Taylor Swift",0.376,0.694,0.38,-10.307,0.0614,0.416,0.126,120.044,"You're On Your Own, Kid","Midnights (3am Edition)",2022
"Taylor Swift",0.23,0.636,0.377,-11.721,0.0708,0.71,0.115,139.966,"Midnight Rain","Midnights (3am Edition)",2022
"Taylor Swift",0.112,0.751,0.502,-8.777,0.162,0.226,0.297,108.989,"Question...?","Midnights (3am Edition)",2022
"Taylor Swift",0.16,0.87,0.279,-11.134,0.364,0.16,0.121,79.996,"Vigilante Shit","Midnights (3am Edition)",2022
"Taylor Swift",0.412,0.7,0.55,-9.13,0.0653,0.0661,0.091,164.003,"Bejeweled","Midnights (3am Edition)",2022
"Taylor Swift",0.141,0.487,0.313,-15.434,0.0487,0.791,0.124,110.039,"Labyrinth","Midnights (3am Edition)",2022
"Taylor Swift",0.106,0.649,0.622,-7.054,0.0582,0.074,0.594,90.024,"Karma","Midnights (3am Edition)",2022
"Taylor Swift",0.396,0.334,0.161,-14.875,0.0506,0.967,0.115,176.747,"Sweet Nothing","Midnights (3am Edition)",2022
"Taylor Swift",0.13,0.661,0.352,-14.077,0.117,0.571,0.0884,125.934,"Mastermind","Midnights (3am Edition)",2022
"Taylor Swift",0.554,0.573,0.741,-8.987,0.0353,0.219,0.0842,96.016,"The Great War","Midnights (3am Edition)",2022
"Taylor Swift",0.068,0.422,0.235,-12.379,0.0568,0.826,0.115,165.71,"Bigger Than The Whole Sky","Midnights (3am Edition)",2022
"Taylor Swift",0.345,0.7,0.509,-10.547,0.0789,0.112,0.137,110.947,"Paris","Midnights (3am Edition)",2022
"Taylor Swift",0.755,0.646,0.529,-10.179,0.0864,0.723,0.0885,87.862,"High Infidelity","Midnights (3am Edition)",2022
"Taylor Swift",0.347,0.675,0.466,-9.738,0.201,0.361,0.11,140.864,"Glitch","Midnights (3am Edition)",2022
"Taylor Swift",0.55,0.483,0.84,-6.508,0.119,0.43,0.146,157.979,"Would've, Could've, Should've","Midnights (3am Edition)",2022
"Taylor Swift",0.159,0.562,0.388,-12.088,0.0705,0.481,0.117,107.747,"Dear Reader","Midnights (3am Edition)",2022
"Taylor Swift",0.0976,0.733,0.436,-10.489,0.08,0.258,0.157,96.985,"Lavender Haze","Midnights",2022
"Taylor Swift",0.0374,0.637,0.398,-8.294,0.0564,0.0573,0.101,108.075,"Maroon","Midnights",2022
"Taylor Swift",0.533,0.637,0.643,-6.571,0.0519,0.13,0.142,97.008,"Anti-Hero","Midnights",2022
"Taylor Swift",0.193,0.663,0.319,-13.481,0.0375,0.69,0.117,109.957,"Snow On The Beach (feat. Lana Del Rey)","Midnights",2022
"Taylor Swift",0.38,0.696,0.396,-10.289,0.0656,0.401,0.125,120.041,"You're On Your Own, Kid","Midnights",2022
"Taylor Swift",0.23,0.643,0.363,-11.738,0.0767,0.69,0.115,139.865,"Midnight Rain","Midnights",2022
"Taylor Swift",0.106,0.751,0.502,-8.763,0.167,0.2,0.296,108.943,"Question...?","Midnights",2022
"Taylor Swift",0.163,0.798,0.277,-11.096,0.39,0.173,0.121,79.846,"Vigilante Shit","Midnights",2022
"Taylor Swift",0.433,0.696,0.559,-9.19,0.0693,0.0618,0.0887,163.999,"Bejeweled","Midnights",2022
"Taylor Swift",0.122,0.406,0.306,-15.48,0.0517,0.785,0.122,110.014,"Labyrinth","Midnights",2022
"Taylor Swift",0.0969,0.642,0.62,-7.091,0.0666,0.0734,0.483,90.02,"Karma","Midnights",2022
"Taylor Swift",0.39,0.337,0.156,-14.919,0.0518,0.964,0.115,176.655,"Sweet Nothing","Midnights",2022
"Taylor Swift",0.124,0.662,0.357,-14.064,0.154,0.553,0.0837,125.966,"Mastermind","Midnights",2022
"Taylor Swift",0.328,0.594,0.713,-5.314,0.0503,0.000328,0.114,129.958,"State Of Grace (Taylor's Version)","Red (Taylor's Version)",2021
"Taylor Swift",0.408,0.516,0.777,-4.908,0.0375,0.00108,0.0761,125.047,"Red (Taylor's Version)","Red (Taylor's Version)",2021
"Taylor Swift",0.299,0.645,0.593,-6.506,0.0288,0.0344,0.13,109.984,"Treacherous (Taylor's Version)","Red (Taylor's Version)",2021
"Taylor Swift",0.767,0.584,0.557,-6.371,0.0342,0.0129,0.0576,154.008,"I Knew You Were Trouble (Taylor's Version)","Red (Taylor's Version)",2021
"Taylor Swift",0.132,0.44,0.528,-7.809,0.0317,0.0171,0.234,185.972,"All Too Well (Taylor's Version)","Red (Taylor's Version)",2021
"Taylor Swift",0.642,0.642,0.695,-5.62,0.0281,0.000443,0.0753,103.984,"22 (Taylor's Version)","Red (Taylor's Version)",2021
"Taylor Swift",0.248,0.511,0.559,-6.587,0.0264,0.0167,0.113,145.88,"I Almost Do (Taylor's Version)","Red (Taylor's Version)",2021
"Taylor Swift",0.716,0.567,0.686,-6.139,0.175,0.0317,0.0732,172.014,"We Are Never Ever Getting Back Together (Taylor's Version)","Red (Taylor's Version)",2021
"Taylor Swift",0.663,0.693,0.681,-7.039,0.025,0.0848,0.0768,100.02,"Stay Stay Stay (Taylor's Version)","Red (Taylor's Version)",2021
"Taylor Swift",0.155,0.502,0.534,-5.954,0.0278,0.0399,0.0977,94.05,"The Last Time (feat. Gary Lightbody of Snow Patrol) (Taylor’s Version)","Red (Taylor's Version)",2021
"Taylor Swift",0.511,0.622,0.809,-5.623,0.0638,0.0288,0.109,156.894,"Holy Ground (Taylor's Version)","Red (Taylor's Version)",2021
"Taylor Swift",0.232,0.601,0.406,-11.827,0.0275,0.622,0.133,130.059,"Sad Beautiful Tragic (Taylor's Version)","Red (Taylor's Version)",2021
"Taylor Swift",0.538,0.686,0.571,-7.138,0.05,0.066,0.0608,117.889,"The Lucky One (Taylor's Version)","Red (Taylor's Version)",2021
"Taylor Swift",0.474,0.498,0.61,-5.098,0.0363,0.271,0.223,79.918,"Everything Has Changed (feat. Ed Sheeran) (Taylor’s Version)","Red (Taylor's Version)",2021
"Taylor Swift",0.605,0.628,0.685,-5.864,0.0358,0.00324,0.18,126.014,"Starlight (Taylor's Version)","Red (Taylor's Version)",2021
"Taylor Swift",0.267,0.519,0.527,-7.673,0.0274,0.075,0.132,78.915,"Begin Again (Taylor's Version)","Red (Taylor's Version)",2021
"Taylor Swift",0.208,0.636,0.402,-7.855,0.031,0.0494,0.107,125.952,"The Moment I Knew (Taylor's Version)","Red (Taylor's Version)",2021
"Taylor Swift",0.399,0.46,0.632,-6.031,0.0302,0.0158,0.0822,79.846,"Come Back...Be Here (Taylor's Version)","Red (Taylor's Version)",2021
"Taylor Swift",0.612,0.691,0.736,-6.974,0.0326,0.00955,0.101,125.089,"Girl At Home (Taylor's Version)","Red (Taylor's Version)",2021
"Taylor Swift",0.101,0.445,0.131,-13.778,0.0564,0.663,0.108,208.918,"State Of Grace (Acoustic Version) (Taylor's Version)","Red (Taylor's Version)",2021
"Taylor Swift",0.38,0.623,0.279,-10.802,0.031,0.661,0.193,116.04,"Ronan (Taylor's Version)","Red (Taylor's Version)",2021
"Taylor Swift",0.255,0.473,0.579,-5.824,0.0384,0.214,0.0877,73.942,"Better Man (Taylor's Version) (From The Vault)","Red (Taylor's Version)",2021
"Taylor Swift",0.446,0.606,0.377,-9.455,0.0275,0.817,0.154,101.96,"Nothing New (feat. Phoebe Bridgers) (Taylor’s Version) (From The Vault)","Red (Taylor's Version)",2021
"Taylor Swift",0.746,0.584,0.743,-7.075,0.0931,0.0538,0.121,167.844,"Babe (Taylor's Version) (From The Vault)","Red (Taylor's Version)",2021
"Taylor Swift",0.494,0.622,0.791,-6.106,0.0535,0.00188,0.083,115.915,"Message In A Bottle (Taylor's Version) (From The Vault)","Red (Taylor's Version)",2021
"Taylor Swift",0.473,0.391,0.715,-4.516,0.0495,0.167,0.183,149.654,"I Bet You Think About Me (feat. Chris Stapleton) (Taylor’s Version) (From The Vault)","Red (Taylor's Version)",2021
"Taylor Swift",0.41,0.611,0.552,-5.828,0.031,0.256,0.134,116.012,"Forever Winter (Taylor's Version) (From The Vault)","Red (Taylor's Version)",2021
"Taylor Swift",0.443,0.61,0.488,-6.918,0.0293,0.817,0.312,125.039,"Run (feat. Ed Sheeran) (Taylor’s Version) (From The Vault)","Red (Taylor's Version)",2021
"Taylor Swift",0.581,0.678,0.733,-5.025,0.0281,0.00115,0.104,121.009,"The Very First Night (Taylor's Version) (From The Vault)","Red (Taylor's Version)",2021
"Taylor Swift",0.205,0.631,0.518,-8.771,0.0303,0.274,0.088,93.023,"All Too Well (10 Minute Version) (Taylor's Version) (From The Vault)","Red (Taylor's Version)",2021
"Taylor Swift",0.43,0.569,0.741,-4.963,0.0282,0.0122,0.333,100.118,"Fearless (Taylor’s Version)","Fearless (Taylor's Version)",2021
"Taylor Swift",0.289,0.559,0.646,-4.61,0.0272,0.116,0.32,95.466,"Fifteen (Taylor’s Version)","Fearless (Taylor's Version)",2021
"Taylor Swift",0.415,0.627,0.792,-4.311,0.031,0.13,0.0845,119.054,"Love Story (Taylor’s Version)","Fearless (Taylor's Version)",2021
"Taylor Swift",0.797,0.788,0.571,-6.135,0.0296,0.106,0.0934,115.99,"Hey Stephen (Taylor’s Version)","Fearless (Taylor's Version)",2021
"Taylor Swift",0.366,0.423,0.517,-7.377,0.0486,0.369,0.177,185.262,"White Horse (Taylor’s Version)","Fearless (Taylor's Version)",2021
"Taylor Swift",0.474,0.632,0.773,-4.856,0.0346,0.0623,0.0885,130.033,"You Belong With Me (Taylor’s Version)","Fearless (Taylor's Version)",2021
"Taylor Swift",0.321,0.506,0.626,-6.066,0.0287,0.156,0.228,148.035,"Breathe (feat. Colbie Caillat) (Taylor’s Version)","Fearless (Taylor's Version)",2021
"Taylor Swift",0.541,0.578,0.909,-3.669,0.0628,0.0222,0.333,100.023,"Tell Me Why (Taylor’s Version)","Fearless (Taylor's Version)",2021
"Taylor Swift",0.241,0.506,0.444,-4.99,0.0285,0.0538,0.123,133.873,"You’re Not Sorry (Taylor’s Version)","Fearless (Taylor's Version)",2021
"Taylor Swift",0.472,0.402,0.732,-4.665,0.0484,0.0033,0.108,161.032,"The Way I Loved You (Taylor’s Version)","Fearless (Taylor's Version)",2021
"Taylor Swift",0.673,0.598,0.821,-4.433,0.0447,0.0231,0.143,128.03,"Forever & Always (Taylor’s Version)","Fearless (Taylor's Version)",2021
"Taylor Swift",0.469,0.642,0.576,-8.524,0.0282,0.488,0.159,125,"The Best Day (Taylor’s Version)","Fearless (Taylor's Version)",2021
"Taylor Swift",0.344,0.499,0.815,-4.063,0.0341,0.000191,0.181,95.999,"Change (Taylor’s Version)","Fearless (Taylor's Version)",2021
"Taylor Swift",0.624,0.572,0.69,-6.201,0.0358,0.0474,0.0897,160.111,"Jump Then Fall (Taylor’s Version)","Fearless (Taylor's Version)",2021
"Taylor Swift",0.224,0.393,0.531,-6.112,0.0329,0.0181,0.169,200.391,"Untouchable (Taylor’s Version)","Fearless (Taylor's Version)",2021
"Taylor Swift",0.271,0.546,0.273,-9.208,0.0308,0.819,0.137,118.753,"Forever & Always (Piano Version) (Taylor’s Version)","Fearless (Taylor's Version)",2021
"Taylor Swift",0.167,0.476,0.564,-5.677,0.0269,0.0406,0.102,143.929,"Come In With The Rain (Taylor’s Version)","Fearless (Taylor's Version)",2021
"Taylor Swift",0.171,0.454,0.555,-6.69,0.0283,0.157,0.343,171.862,"Superstar (Taylor’s Version)","Fearless (Taylor's Version)",2021
"Taylor Swift",0.629,0.432,0.873,-4.367,0.0577,0.0279,0.167,163.936,"The Other Side Of The Door (Taylor’s Version)","Fearless (Taylor's Version)",2021
"Taylor Swift",0.328,0.482,0.779,-5.025,0.0409,0.0135,0.296,158.162,"Today Was A Fairytale (Taylor’s Version)","Fearless (Taylor's Version)",2021
"Taylor Swift",0.44,0.599,0.494,-7.61,0.0372,0.816,0.101,142.893,"You All Over Me (feat. Maren Morris) (Taylor’s Version) (From The Vault)","Fearless (Taylor's Version)",2021
"Taylor Swift",0.714,0.66,0.817,-6.269,0.0521,0.162,0.0667,135.942,"Mr. Perfectly Fine (Taylor’s Version) (From The Vault)","Fearless (Taylor's Version)",2021
"Taylor Swift",0.13,0.609,0.373,-8.819,0.0263,0.849,0.0779,106.007,"We Were Happy (Taylor’s Version) (From The Vault)","Fearless (Taylor's Version)",2021
"Taylor Swift",0.508,0.588,0.608,-7.062,0.0365,0.225,0.092,90.201,"That’s When (feat. Keith Urban) (Taylor’s Version) (From The Vault)","Fearless (Taylor's Version)",2021
"Taylor Swift",0.405,0.563,0.473,-11.548,0.0503,0.514,0.109,101.934,"Don’t You (Taylor’s Version) (From The Vault)","Fearless (Taylor's Version)",2021
"Taylor Swift",0.527,0.624,0.624,-7.86,0.0539,0.334,0.0995,80.132,"Bye Bye Baby (Taylor’s Version) (From The Vault)","Fearless (Taylor's Version)",2021
"Taylor Swift",0.529,0.392,0.574,-9.195,0.17,0.833,0.145,81.112,"willow","evermore (deluxe version)",2021
"Taylor Swift",0.32,0.462,0.24,-12.077,0.0377,0.92,0.113,171.319,"champagne problems","evermore (deluxe version)",2021
"Taylor Swift",0.353,0.512,0.462,-10.491,0.0408,0.83,0.121,112.05,"gold rush","evermore (deluxe version)",2021
"Taylor Swift",0.348,0.575,0.434,-8.193,0.0312,0.735,0.105,145.916,"‘tis the damn season","evermore (deluxe version)",2021
"Taylor Swift",0.221,0.316,0.361,-10.381,0.0488,0.878,0.0797,74.952,"tolerate it","evermore (deluxe version)",2021
"Taylor Swift",0.535,0.546,0.613,-7.589,0.0264,0.418,0.103,79.015,"no body, no crime (feat. HAIM)","evermore (deluxe version)",2021
"Taylor Swift",0.211,0.559,0.334,-10.733,0.0376,0.87,0.114,122.079,"happiness","evermore (deluxe version)",2021
"Taylor Swift",0.354,0.605,0.488,-8.322,0.0264,0.696,0.129,119.966,"dorothea","evermore (deluxe version)",2021
"Taylor Swift",0.292,0.537,0.537,-11.266,0.0617,0.819,0.142,107.895,"coney island (feat. The National)","evermore (deluxe version)",2021
"Taylor Swift",0.535,0.515,0.545,-9.277,0.0353,0.855,0.0921,88.856,"ivy","evermore (deluxe version)",2021
"Taylor Swift",0.511,0.604,0.517,-9.014,0.0347,0.768,0.123,127.967,"cowboy like me","evermore (deluxe version)",2021
"Taylor Swift",0.573,0.546,0.73,-7.704,0.0417,0.66,0.0972,157.895,"long story short","evermore (deluxe version)",2021
"Taylor Swift",0.287,0.535,0.561,-11.609,0.0484,0.876,0.115,96.103,"marjorie","evermore (deluxe version)",2021
"Taylor Swift",0.92,0.689,0.704,-10.813,0.245,0.835,0.134,151.884,"closure","evermore (deluxe version)",2021
"Taylor Swift",0.32,0.39,0.27,-10.673,0.0308,0.937,0.111,125.177,"evermore (feat. Bon Iver)","evermore (deluxe version)",2021
"Taylor Swift",0.645,0.581,0.619,-6.524,0.0282,0.769,0.117,137.915,"right where you left me - bonus track","evermore (deluxe version)",2021
"Taylor Swift",0.416,0.592,0.41,-12.426,0.0397,0.801,0.09,151.923,"it’s time to go - bonus track","evermore (deluxe version)",2021
"Taylor Swift",0.529,0.392,0.574,-9.195,0.17,0.833,0.145,81.112,"willow","evermore",2020
"Taylor Swift",0.32,0.462,0.24,-12.077,0.0377,0.92,0.113,171.319,"champagne problems","evermore",2020
"Taylor Swift",0.353,0.512,0.462,-10.491,0.0408,0.83,0.121,112.05,"gold rush","evermore",2020
"Taylor Swift",0.348,0.575,0.434,-8.193,0.0312,0.735,0.105,145.916,"‘tis the damn season","evermore",2020
"Taylor Swift",0.221,0.316,0.361,-10.381,0.0488,0.878,0.0797,74.952,"tolerate it","evermore",2020
"Taylor Swift",0.535,0.546,0.613,-7.589,0.0264,0.418,0.103,79.015,"no body, no crime (feat. HAIM)","evermore",2020
"Taylor Swift",0.211,0.559,0.334,-10.733,0.0376,0.87,0.114,122.079,"happiness","evermore",2020
"Taylor Swift",0.354,0.605,0.488,-8.322,0.0264,0.696,0.129,119.966,"dorothea","evermore",2020
"Taylor Swift",0.292,0.537,0.537,-11.266,0.0617,0.819,0.142,107.895,"coney island (feat. The National)","evermore",2020
"Taylor Swift",0.535,0.515,0.545,-9.277,0.0353,0.855,0.0921,88.856,"ivy","evermore",2020
"Taylor Swift",0.511,0.604,0.517,-9.014,0.0347,0.768,0.123,127.967,"cowboy like me","evermore",2020
"Taylor Swift",0.573,0.546,0.73,-7.704,0.0417,0.66,0.0972,157.895,"long story short","evermore",2020
"Taylor Swift",0.287,0.535,0.561,-11.609,0.0484,0.876,0.115,96.103,"marjorie","evermore",2020
"Taylor Swift",0.92,0.689,0.704,-10.813,0.245,0.835,0.134,151.884,"closure","evermore",2020
"Taylor Swift",0.32,0.39,0.27,-10.673,0.0308,0.937,0.111,125.177,"evermore (feat. Bon Iver)","evermore",2020
"Taylor Swift",0.163,0.78,0.361,-6.942,0.048,0.75,0.108,139.902,"the 1","folklore: the long pond studio sessions (from the Disney+ special) [deluxe edition]",2020
"Taylor Swift",0.534,0.612,0.58,-8.572,0.0419,0.525,0.26,130.045,"cardigan","folklore: the long pond studio sessions (from the Disney+ special) [deluxe edition]",2020
"Taylor Swift",0.701,0.688,0.653,-8.558,0.0403,0.481,0.106,147.991,"the last great american dynasty","folklore: the long pond studio sessions (from the Disney+ special) [deluxe edition]",2020
"Taylor Swift",0.16,0.31,0.374,-8.464,0.0275,0.761,0.11,75.938,"exile (feat. Bon Iver)","folklore: the long pond studio sessions (from the Disney+ special) [deluxe edition]",2020
"Taylor Swift",0.112,0.456,0.265,-10.663,0.0328,0.814,0.0679,129.947,"my tears ricochet","folklore: the long pond studio sessions (from the Disney+ special) [deluxe edition]",2020
"Taylor Swift",0.347,0.549,0.417,-10.064,0.035,0.686,0.0604,110.137,"mirrorball","folklore: the long pond studio sessions (from the Disney+ special) [deluxe edition]",2020
"Taylor Swift",0.374,0.602,0.494,-10.813,0.0277,0.888,0.0902,94.955,"seven","folklore: the long pond studio sessions (from the Disney+ special) [deluxe edition]",2020
"Taylor Swift",0.42,0.387,0.634,-9.222,0.0363,0.553,0.0931,89.567,"august","folklore: the long pond studio sessions (from the Disney+ special) [deluxe edition]",2020
"Taylor Swift",0.408,0.511,0.478,-9.837,0.0322,0.312,0.147,135.882,"this is me trying","folklore: the long pond studio sessions (from the Disney+ special) [deluxe edition]",2020
"Taylor Swift",0.44,0.529,0.304,-10.567,0.0356,0.862,0.108,119.58,"illicit affairs","folklore: the long pond studio sessions (from the Disney+ special) [deluxe edition]",2020
"Taylor Swift",0.454,0.651,0.459,-11.128,0.0507,0.859,0.105,83.455,"invisible string","folklore: the long pond studio sessions (from the Disney+ special) [deluxe edition]",2020
"Taylor Swift",0.451,0.593,0.7,-9.016,0.0492,0.67,0.116,141.898,"mad woman","folklore: the long pond studio sessions (from the Disney+ special) [deluxe edition]",2020
"Taylor Swift",0.103,0.317,0.254,-13.679,0.0286,0.727,0.0867,93.933,"epiphany","folklore: the long pond studio sessions (from the Disney+ special) [deluxe edition]",2020
"Taylor Swift",0.476,0.595,0.376,-8.767,0.0256,0.589,0.0989,95.946,"betty","folklore: the long pond studio sessions (from the Disney+ special) [deluxe edition]",2020
"Taylor Swift",0.328,0.644,0.284,-12.879,0.0821,0.916,0.0909,150.072,"peace","folklore: the long pond studio sessions (from the Disney+ special) [deluxe edition]",2020
"Taylor Swift",0.404,0.676,0.178,-15.01,0.0394,0.964,0.135,118.84,"hoax","folklore: the long pond studio sessions (from the Disney+ special) [deluxe edition]",2020
"Taylor Swift",0.268,0.313,0.258,-11.532,0.0383,0.842,0.0948,179.947,"the lakes - bonus track","folklore: the long pond studio sessions (from the Disney+ special) [deluxe edition]",2020
"Taylor Swift",0.156,0.708,0.25,-10.731,0.0361,0.898,0.102,139.803,"the 1 - the long pond studio sessions","folklore: the long pond studio sessions (from the Disney+ special) [deluxe edition]",2020
"Taylor Swift",0.247,0.395,0.234,-9.704,0.0382,0.88,0.107,86.478,"cardigan - the long pond studio sessions","folklore: the long pond studio sessions (from the Disney+ special) [deluxe edition]",2020
"Taylor Swift",0.614,0.64,0.618,-11.715,0.0379,0.743,0.0574,147.948,"the last great american dynasty - the long pond studio sessions","folklore: the long pond studio sessions (from the Disney+ special) [deluxe edition]",2020
"Taylor Swift",0.108,0.359,0.305,-10.295,0.0306,0.848,0.111,151.956,"exile (feat. Bon Iver) - the long pond studio sessions","folklore: the long pond studio sessions (from the Disney+ special) [deluxe edition]",2020
"Taylor Swift",0.168,0.531,0.172,-12.34,0.0351,0.946,0.0615,129.007,"my tears ricochet - the long pond studio sessions","folklore: the long pond studio sessions (from the Disney+ special) [deluxe edition]",2020
"Taylor Swift",0.109,0.509,0.386,-8.434,0.0272,0.78,0.118,109.993,"mirrorball - the long pond studio sessions","folklore: the long pond studio sessions (from the Disney+ special) [deluxe edition]",2020
"Taylor Swift",0.363,0.694,0.449,-11.49,0.0301,0.914,0.1,94.963,"seven - the long pond studio sessions","folklore: the long pond studio sessions (from the Disney+ special) [deluxe edition]",2020
"Taylor Swift",0.545,0.554,0.663,-8.961,0.0324,0.5,0.791,89.977,"august - the long pond studio sessions","folklore: the long pond studio sessions (from the Disney+ special) [deluxe edition]",2020
"Taylor Swift",0.157,0.435,0.332,-11.611,0.031,0.928,0.0867,68.097,"this is me trying - the long pond studio sessions","folklore: the long pond studio sessions (from the Disney+ special) [deluxe edition]",2020
"Taylor Swift",0.435,0.489,0.235,-10.274,0.0356,0.883,0.113,117.699,"illicit affairs - the long pond studio sessions","folklore: the long pond studio sessions (from the Disney+ special) [deluxe edition]",2020
"Taylor Swift",0.351,0.59,0.282,-10.542,0.0281,0.942,0.11,83.438,"invisible string - the long pond studio sessions","folklore: the long pond studio sessions (from the Disney+ special) [deluxe edition]",2020
"Taylor Swift",0.346,0.663,0.465,-10.463,0.0408,0.887,0.109,141.834,"mad woman - the long pond studio sessions","folklore: the long pond studio sessions (from the Disney+ special) [deluxe edition]",2020
"Taylor Swift",0.113,0.524,0.2,-13.004,0.0274,0.916,0.068,93.87,"epiphany - the long pond studio sessions","folklore: the long pond studio sessions (from the Disney+ special) [deluxe edition]",2020
"Taylor Swift",0.518,0.538,0.316,-9.5,0.0299,0.841,0.119,95.68,"betty - the long pond studio sessions","folklore: the long pond studio sessions (from the Disney+ special) [deluxe edition]",2020
"Taylor Swift",0.513,0.619,0.344,-11.472,0.0647,0.93,0.0734,149.897,"peace - the long pond studio sessions","folklore: the long pond studio sessions (from the Disney+ special) [deluxe edition]",2020
"Taylor Swift",0.483,0.682,0.155,-13.083,0.0394,0.962,0.18,118.832,"hoax - the long pond studio sessions","folklore: the long pond studio sessions (from the Disney+ special) [deluxe edition]",2020
"Taylor Swift",0.112,0.606,0.221,-11.767,0.0468,0.794,0.0888,89.844,"the lakes - the long pond studio sessions","folklore: the long pond studio sessions (from the Disney+ special) [deluxe edition]",2020
"Taylor Swift",0.163,0.78,0.361,-6.942,0.048,0.75,0.108,139.902,"the 1","folklore (deluxe version)",2020
"Taylor Swift",0.534,0.612,0.58,-8.572,0.0419,0.525,0.26,130.045,"cardigan","folklore (deluxe version)",2020
"Taylor Swift",0.701,0.688,0.653,-8.558,0.0403,0.481,0.106,147.991,"the last great american dynasty","folklore (deluxe version)",2020
"Taylor Swift",0.16,0.31,0.374,-8.464,0.0275,0.761,0.11,75.938,"exile (feat. Bon Iver)","folklore (deluxe version)",2020
"Taylor Swift",0.112,0.456,0.265,-10.663,0.0328,0.814,0.0679,129.947,"my tears ricochet","folklore (deluxe version)",2020
"Taylor Swift",0.347,0.549,0.417,-10.064,0.035,0.686,0.0604,110.137,"mirrorball","folklore (deluxe version)",2020
"Taylor Swift",0.374,0.602,0.494,-10.813,0.0277,0.888,0.0902,94.955,"seven","folklore (deluxe version)",2020
"Taylor Swift",0.42,0.387,0.634,-9.222,0.0363,0.553,0.0931,89.567,"august","folklore (deluxe version)",2020
"Taylor Swift",0.408,0.511,0.478,-9.837,0.0322,0.312,0.147,135.882,"this is me trying","folklore (deluxe version)",2020
"Taylor Swift",0.44,0.529,0.304,-10.567,0.0356,0.862,0.108,119.58,"illicit affairs","folklore (deluxe version)",2020
"Taylor Swift",0.454,0.651,0.459,-11.128,0.0507,0.859,0.105,83.455,"invisible string","folklore (deluxe version)",2020
"Taylor Swift",0.451,0.593,0.7,-9.016,0.0492,0.67,0.116,141.898,"mad woman","folklore (deluxe version)",2020
"Taylor Swift",0.103,0.317,0.254,-13.679,0.0286,0.727,0.0867,93.933,"epiphany","folklore (deluxe version)",2020
"Taylor Swift",0.476,0.595,0.376,-8.767,0.0256,0.589,0.0989,95.946,"betty","folklore (deluxe version)",2020
"Taylor Swift",0.328,0.644,0.284,-12.879,0.0821,0.916,0.0909,150.072,"peace","folklore (deluxe version)",2020
"Taylor Swift",0.404,0.676,0.178,-15.01,0.0394,0.964,0.135,118.84,"hoax","folklore (deluxe version)",2020
"Taylor Swift",0.268,0.313,0.258,-11.532,0.0383,0.842,0.0948,179.947,"the lakes - bonus track","folklore (deluxe version)",2020
"Taylor Swift",0.172,0.777,0.357,-6.942,0.0522,0.757,0.108,139.883,"the 1","folklore",2020
"Taylor Swift",0.551,0.613,0.581,-8.588,0.0424,0.537,0.25,130.033,"cardigan","folklore",2020
"Taylor Swift",0.706,0.686,0.662,-8.505,0.0413,0.467,0.109,147.922,"the last great american dynasty","folklore",2020
"Taylor Swift",0.152,0.298,0.38,-8.426,0.0287,0.778,0.11,75.602,"exile (feat. Bon Iver)","folklore",2020
"Taylor Swift",0.111,0.456,0.263,-10.63,0.0332,0.806,0.0749,129.86,"my tears ricochet","folklore",2020
"Taylor Swift",0.379,0.553,0.413,-10.037,0.0334,0.687,0.0594,110.107,"mirrorball","folklore",2020
"Taylor Swift",0.415,0.596,0.488,-10.769,0.0274,0.9,0.091,94.926,"seven","folklore",2020
"Taylor Swift",0.403,0.532,0.623,-9.208,0.0331,0.538,0.0925,89.937,"august","folklore",2020
"Taylor Swift",0.412,0.515,0.476,-9.843,0.0328,0.314,0.171,135.886,"this is me trying","folklore",2020
"Taylor Swift",0.46,0.559,0.31,-10.445,0.0338,0.881,0.106,119.845,"illicit affairs","folklore",2020
"Taylor Swift",0.45,0.653,0.452,-11.143,0.055,0.838,0.108,83.433,"invisible string","folklore",2020
"Taylor Swift",0.506,0.592,0.699,-8.995,0.0471,0.655,0.114,141.916,"mad woman","folklore",2020
"Taylor Swift",0.113,0.354,0.267,-13.69,0.0281,0.731,0.0858,94.219,"epiphany","folklore",2020
"Taylor Swift",0.502,0.593,0.377,-8.761,0.0253,0.6,0.0976,95.939,"betty","folklore",2020
"Taylor Swift",0.339,0.647,0.272,-12.906,0.0916,0.918,0.0918,150.044,"peace","folklore",2020
"Taylor Swift",0.429,0.662,0.181,-15.065,0.0415,0.966,0.133,118.819,"hoax","folklore",2020
"Taylor Swift",0.541,0.664,0.316,-10.345,0.519,0.298,0.0812,92.875,"I Forgot That You Existed","Lover",2019
"Taylor Swift",0.564,0.552,0.702,-5.707,0.157,0.117,0.105,169.994,"Cruel Summer","Lover",2019
"Taylor Swift",0.453,0.359,0.543,-7.582,0.0919,0.492,0.118,68.534,"Lover","Lover",2019
"Taylor Swift",0.633,0.777,0.658,-5.191,0.054,0.0767,0.0901,110.048,"The Man","Lover",2019
"Taylor Swift",0.166,0.292,0.574,-9.375,0.0401,0.12,0.0663,124.344,"The Archer","Lover",2019
"Taylor Swift",0.416,0.897,0.366,-8.029,0.0569,0.00889,0.0715,100.003,"I Think He Knows","Lover",2019
"Taylor Swift",0.487,0.662,0.747,-6.926,0.0736,0.028,0.138,150.088,"Miss Americana & The Heartbreak Prince","Lover",2019
"Taylor Swift",0.865,0.811,0.719,-6.553,0.0497,0.0129,0.0742,103.979,"Paper Rings","Lover",2019
"Taylor Swift",0.248,0.824,0.624,-9.728,0.0827,0.781,0.1,102.012,"Cornelia Street","Lover",2019
"Taylor Swift",0.313,0.712,0.732,-6.754,0.0629,0.454,0.319,94.071,"Death By A Thousand Cuts","Lover",2019
"Taylor Swift",0.557,0.695,0.71,-6.639,0.05,0.0246,0.133,157.925,"London Boy","Lover",2019
"Taylor Swift",0.421,0.433,0.182,-12.566,0.0641,0.907,0.123,207.476,"Soon You’ll Get Better (feat. The Chicks)","Lover",2019
"Taylor Swift",0.351,0.739,0.32,-10.862,0.239,0.736,0.111,79.97,"False God","Lover",2019
"Taylor Swift",0.714,0.771,0.671,-5.617,0.0553,0.00929,0.0637,85.026,"You Need To Calm Down","Lover",2019
"Taylor Swift",0.399,0.756,0.449,-8.746,0.0344,0.13,0.114,111.011,"Afterglow","Lover",2019
"Taylor Swift",0.728,0.61,0.83,-4.105,0.0571,0.033,0.118,182.162,"ME! (feat. Brendon Urie of Panic! At The Disco)","Lover",2019
"Taylor Swift",0.545,0.737,0.175,-9.912,0.0401,0.971,0.171,70.008,"It’s Nice To Have A Friend","Lover",2019
"Taylor Swift",0.265,0.557,0.496,-9.602,0.0563,0.808,0.0772,149.983,"Daylight","Lover",2019
"Taylor Swift",0.417,0.613,0.764,-6.509,0.136,0.0527,0.197,160.015,"...Ready For It?","reputation",2017
"Taylor Swift",0.151,0.649,0.589,-6.237,0.0558,0.00845,0.108,159.073,"End Game","reputation",2017
"Taylor Swift",0.305,0.696,0.602,-6.156,0.159,0.0679,0.0696,82.989,"I Did Something Bad","reputation",2017
"Taylor Swift",0.193,0.615,0.534,-6.719,0.0386,0.106,0.0607,135.917,"Don’t Blame Me","reputation",2017
"Taylor Swift",0.0499,0.75,0.404,-10.178,0.0682,0.216,0.0911,95.045,"Delicate","reputation",2017
"Taylor Swift",0.506,0.766,0.709,-6.471,0.123,0.204,0.126,128.07,"Look What You Made Me Do","reputation",2017
"Taylor Swift",0.374,0.574,0.61,-7.283,0.0732,0.122,0.13,74.957,"So It Goes...","reputation",2017
"Taylor Swift",0.451,0.8,0.535,-6.684,0.135,0.0713,0.213,92.027,"Gorgeous","reputation",2017
"Taylor Swift",0.351,0.562,0.689,-6.745,0.127,0.00465,0.0888,172.054,"Getaway Car","reputation",2017
"Taylor Swift",0.314,0.675,0.703,-7.902,0.0382,0.00882,0.0391,110.01,"King Of My Heart","reputation",2017
"Taylor Swift",0.284,0.624,0.691,-6.686,0.196,0.0604,0.138,160.024,"Dancing With Our Hands Tied","reputation",2017
"Taylor Swift",0.0851,0.719,0.469,-8.792,0.0533,0.0329,0.169,120.085,"Dress","reputation",2017
"Taylor Swift",0.438,0.567,0.789,-5.986,0.115,0.0156,0.382,163.96,"This Is Why We Can't Have Nice Things","reputation",2017
"Taylor Swift",0.252,0.598,0.504,-9.874,0.0731,0.186,0.34,163.954,"Call It What You Want","reputation",2017
"Taylor Swift",0.23,0.661,0.151,-12.864,0.0354,0.921,0.13,94.922,"New Year’s Day","reputation",2017
"Taylor Swift",0.316,0.602,0.605,-7.803,0.0244,0.0448,0.128,93.061,"All Too Well","reputation Stadium Tour Surprise Song Playlist",2017
"Taylor Swift",0.465,0.55,0.688,-7.416,0.0897,0.0692,0.106,139.997,"Wildest Dreams","reputation Stadium Tour Surprise Song Playlist",2017
"Taylor Swift",0.383,0.669,0.448,-8.566,0.0285,0.639,0.158,126.068,"The Best Day","reputation Stadium Tour Surprise Song Playlist",2017
"Taylor Swift",0.647,0.605,0.899,-4.273,0.0423,0.0779,0.0911,124.985,"Red","reputation Stadium Tour Surprise Song Playlist",2017
"Taylor Swift",0.648,0.627,0.816,-6.698,0.0774,0.0162,0.0965,157.043,"Holy Ground","reputation Stadium Tour Surprise Song Playlist",2017
"Taylor Swift",0.263,0.626,0.427,-6.993,0.0234,0.313,0.138,99.959,"Teardrops On My Guitar - Radio Single Remix","reputation Stadium Tour Surprise Song Playlist",2017
"Taylor Swift",0.565,0.545,0.663,-5.05,0.0363,0.114,0.321,178.013,"Our Song","reputation Stadium Tour Surprise Song Playlist",2017
"Taylor Swift",0.68,0.66,0.733,-6.564,0.0379,0.00254,0.0473,104.009,"22","reputation Stadium Tour Surprise Song Playlist",2017
"Taylor Swift",0.665,0.536,0.464,-6.761,0.0412,0.00476,0.0357,77.318,"I Knew You Were Trouble.","reputation Stadium Tour Surprise Song Playlist",2017
"Taylor Swift",0.106,0.731,0.445,-8.418,0.0533,0.0586,0.14,117.97,"I Don’t Wanna Live Forever (Fifty Shades Darker)","reputation Stadium Tour Surprise Song Playlist",2017
"Taylor Swift",0.79,0.576,0.754,-3.982,0.0428,0.451,0.223,163.886,"Mean","reputation Stadium Tour Surprise Song Playlist",2017
"Taylor Swift",0.545,0.765,0.656,-6.112,0.0504,0.00364,0.0918,119.997,"How You Get The Girl","reputation Stadium Tour Surprise Song Playlist",2017
"Taylor Swift",0.374,0.574,0.61,-7.283,0.0732,0.122,0.13,74.957,"So It Goes...","reputation Stadium Tour Surprise Song Playlist",2017
"Taylor Swift",0.211,0.55,0.628,-4.437,0.0269,0.0717,0.138,95.122,"Fifteen","reputation Stadium Tour Surprise Song Playlist",2017
"Taylor Swift",0.67,0.621,0.779,-2.943,0.0301,0.00302,0.187,121.034,"Mine","reputation Stadium Tour Surprise Song Playlist",2017
"Taylor Swift",0.399,0.61,0.782,-2.98,0.0309,0.041,0.16,114.977,"Sparks Fly","reputation Stadium Tour Surprise Song Playlist",2017
"Taylor Swift",0.383,0.591,0.828,-5.895,0.0333,0.000184,0.0879,129.962,"State Of Grace","reputation Stadium Tour Surprise Song Playlist",2017
"Taylor Swift",0.37,0.431,0.949,-2.622,0.0605,0.0648,0.0612,162.012,"Haunted","reputation Stadium Tour Surprise Song Playlist",2017
"Taylor Swift",0.545,0.714,0.309,-8.828,0.0302,0.824,0.136,124.894,"Never Grow Up","reputation Stadium Tour Surprise Song Playlist",2017
"Taylor Swift",0.395,0.704,0.621,-8.086,0.0334,0.101,0.14,109.995,"Treacherous","reputation Stadium Tour Surprise Song Playlist",2017
"Taylor Swift",0.643,0.577,0.784,-3.266,0.101,0.0221,0.125,171.791,"Babe","reputation Stadium Tour Surprise Song Playlist",2017
"Taylor Swift",0.658,0.789,0.634,-4.762,0.0323,0.0348,0.302,116.992,"Welcome To New York","reputation Stadium Tour Surprise Song Playlist",2017
"Taylor Swift",0.429,0.603,0.718,-4.401,0.0272,0.0377,0.307,100.163,"Fearless","reputation Stadium Tour Surprise Song Playlist",2017
"Taylor Swift",0.218,0.535,0.626,-3.895,0.0274,0.0717,0.158,81.963,"Enchanted","reputation Stadium Tour Surprise Song Playlist",2017
"Taylor Swift",0.234,0.543,0.763,-4.206,0.0376,0.00418,0.111,96.006,"Change","reputation Stadium Tour Surprise Song Playlist",2017
"Taylor Swift",0.228,0.61,0.56,-7.392,0.0279,0.469,0.087,159.837,"Ours","reputation Stadium Tour Surprise Song Playlist",2017
"Taylor Swift",0.338,0.553,0.841,-6.937,0.0396,0.000743,0.341,92.008,"Out Of The Woods","reputation Stadium Tour Surprise Song Playlist",2017
"Taylor Swift",0.217,0.483,0.548,-6.291,0.0254,0.00471,0.0997,79.926,"Come Back...Be Here","reputation Stadium Tour Surprise Song Playlist",2017
"Taylor Swift",0.438,0.573,0.767,-2.929,0.0323,0.0577,0.327,114.984,"A Place in this World","reputation Stadium Tour Surprise Song Playlist",2017
"Taylor Swift",0.107,0.481,0.435,-8.795,0.0321,0.678,0.0928,143.95,"This Love","reputation Stadium Tour Surprise Song Playlist",2017
"Taylor Swift",0.561,0.706,0.505,-7.639,0.0358,0.0352,0.13,117.935,"The Lucky One","reputation Stadium Tour Surprise Song Playlist",2017
"Taylor Swift",0.224,0.609,0.383,-5.732,0.0243,0.56,0.165,96.005,"Invisible","reputation Stadium Tour Surprise Song Playlist",2017
"Taylor Swift",0.167,0.442,0.48,-7.405,0.0281,0.416,0.129,73.849,"Breathe","reputation Stadium Tour Surprise Song Playlist",2017
"Taylor Swift",0.507,0.502,0.843,-3.648,0.0378,0.123,0.0974,143.944,"Better Man","reputation Stadium Tour Surprise Song Playlist",2017
"Taylor Swift",0.818,0.617,0.699,-5.712,0.0274,0.113,0.074,80.007,"Jump Then Fall","reputation Stadium Tour Surprise Song Playlist",2017
"Taylor Swift",0.323,0.53,0.526,-8.349,0.0263,0.199,0.14,79.025,"Begin Again","reputation Stadium Tour Surprise Song Playlist",2017
"Taylor Swift",0.238,0.479,0.547,-4.948,0.0275,0.521,0.0728,146.147,"Tied Together with a Smile","reputation Stadium Tour Surprise Song Playlist",2017
"Taylor Swift",0.65,0.547,0.808,-3.63,0.0398,0.00556,0.0587,139.908,"The Story Of Us","reputation Stadium Tour Surprise Song Playlist",2017
"Taylor Swift",0.52,0.607,0.829,-5.02,0.0588,0.0806,0.207,128.057,"Forever & Always","reputation Stadium Tour Surprise Song Playlist",2017
"Taylor Swift",0.838,0.843,0.541,-7.361,0.0318,0.191,0.108,116.001,"Hey Stephen","reputation Stadium Tour Surprise Song Playlist",2017
"Taylor Swift",0.714,0.712,0.603,-3.753,0.0304,0.0991,0.102,118.986,"Speak Now","reputation Stadium Tour Surprise Song Playlist",2017
"Taylor Swift",0.197,0.422,0.692,-5.447,0.0549,0.0493,0.177,184.014,"Wonderland","reputation Stadium Tour Surprise Song Playlist",2017
"Taylor Swift",0.218,0.578,0.348,-8.066,0.0257,0.314,0.1,92.673,"White Horse","reputation Stadium Tour Surprise Song Playlist",2017
"Taylor Swift",0.521,0.556,0.933,-3.685,0.072,0.00454,0.101,143.936,"I'm Only Me When I'm With You","reputation Stadium Tour Surprise Song Playlist",2017
"Taylor Swift",0.616,0.649,0.777,-5.797,0.0391,0.0192,0.234,126.014,"Starlight","reputation Stadium Tour Surprise Song Playlist",2017
"Taylor Swift",0.495,0.602,0.755,-4.991,0.071,0.245,0.178,159.965,"I Know Places","reputation Stadium Tour Surprise Song Playlist",2017
"Taylor Swift",0.658,0.789,0.634,-4.762,0.0323,0.0348,0.302,116.992,"Welcome To New York","1989 (Deluxe Edition)",2014
"Taylor Swift",0.57,0.76,0.703,-5.412,0.054,0.103,0.0913,95.997,"Blank Space","1989 (Deluxe Edition)",2014
"Taylor Swift",0.487,0.588,0.791,-5.595,0.0402,0.00245,0.118,94.933,"Style","1989 (Deluxe Edition)",2014
"Taylor Swift",0.338,0.553,0.841,-6.937,0.0396,0.000743,0.341,92.008,"Out Of The Woods","1989 (Deluxe Edition)",2014
"Taylor Swift",0.539,0.605,0.725,-5.729,0.0323,0.00201,0.101,96.97,"All You Had To Do Was Stay","1989 (Deluxe Edition)",2014
"Taylor Swift",0.942,0.647,0.8,-5.384,0.165,0.0647,0.334,160.078,"Shake It Off","1989 (Deluxe Edition)",2014
"Taylor Swift",0.513,0.653,0.893,-5.966,0.0538,0.0158,0.102,118.035,"I Wish You Would","1989 (Deluxe Edition)",2014
"Taylor Swift",0.287,0.646,0.794,-6.104,0.19,0.0885,0.201,170.216,"Bad Blood","1989 (Deluxe Edition)",2014
"Taylor Swift",0.465,0.55,0.688,-7.416,0.0897,0.0692,0.106,139.997,"Wildest Dreams","1989 (Deluxe Edition)",2014
"Taylor Swift",0.545,0.765,0.656,-6.112,0.0504,0.00364,0.0918,119.997,"How You Get The Girl","1989 (Deluxe Edition)",2014
"Taylor Swift",0.107,0.481,0.435,-8.795,0.0321,0.678,0.0928,143.95,"This Love","1989 (Deluxe Edition)",2014
"Taylor Swift",0.495,0.602,0.755,-4.991,0.071,0.245,0.178,159.965,"I Know Places","1989 (Deluxe Edition)",2014
"Taylor Swift",0.211,0.815,0.377,-7.754,0.0346,0.232,0.1,103.97,"Clean","1989 (Deluxe Edition)",2014
"Taylor Swift",0.197,0.422,0.692,-5.447,0.0549,0.0493,0.177,184.014,"Wonderland","1989 (Deluxe Edition)",2014
"Taylor Swift",0.319,0.474,0.48,-8.894,0.0622,0.707,0.0903,170.109,"You Are In Love","1989 (Deluxe Edition)",2014
"Taylor Swift",0.584,0.633,0.889,-5.87,0.0715,0.00463,0.0658,121.956,"New Romantics","1989 (Deluxe Edition)",2014
"Taylor Swift",0.15,0.592,0.128,-17.932,0.589,0.829,0.527,78.828,"I Know Places - Voice Memo","1989 (Deluxe Edition)",2014
"Taylor Swift",0.645,0.781,0.357,-16.394,0.912,0.717,0.185,118.317,"I Wish You Would - Voice Memo","1989 (Deluxe Edition)",2014
"Taylor Swift",0.578,0.675,0.234,-15.064,0.721,0.801,0.657,127.296,"Blank Space - Voice Memo","1989 (Deluxe Edition)",2014
"Taylor Swift",0.615,0.793,0.634,-4.807,0.0324,0.038,0.304,117.024,"Welcome To New York","1989",2014
"Taylor Swift",0.583,0.753,0.678,-5.421,0.0644,0.085,0.13,96.006,"Blank Space","1989",2014
"Taylor Swift",0.456,0.598,0.786,-5.572,0.0383,0.00253,0.117,95.019,"Style","1989",2014
"Taylor Swift",0.343,0.552,0.842,-6.938,0.0373,0.00103,0.337,91.991,"Out Of The Woods","1989",2014
"Taylor Swift",0.471,0.602,0.736,-5.778,0.0338,0.00196,0.105,96.969,"All You Had To Do Was Stay","1989",2014
"Taylor Swift",0.943,0.647,0.785,-5.414,0.165,0.0561,0.148,160.015,"Shake It Off","1989",2014
"Taylor Swift",0.502,0.648,0.898,-5.963,0.0513,0.016,0.109,118.02,"I Wish You Would","1989",2014
"Taylor Swift",0.295,0.65,0.802,-6.114,0.181,0.0871,0.148,170.146,"Bad Blood","1989",2014
"Taylor Swift",0.472,0.554,0.666,-7.414,0.0747,0.0702,0.106,140.056,"Wildest Dreams","1989",2014
"Taylor Swift",0.524,0.764,0.66,-6.136,0.0494,0.00461,0.0915,119.988,"How You Get The Girl","1989",2014
"Taylor Swift",0.0828,0.475,0.459,-8.768,0.0333,0.635,0.101,143.988,"This Love","1989",2014
"Taylor Swift",0.507,0.596,0.763,-4.99,0.0661,0.231,0.2,159.958,"I Know Places","1989",2014
"Taylor Swift",0.22,0.81,0.379,-7.771,0.0349,0.241,0.113,103.981,"Clean","1989",2014
"Taylor Swift",0.397,0.588,0.825,-5.882,0.0328,0.000197,0.0885,129.968,"State Of Grace","Red (Deluxe Edition)",2012
"Taylor Swift",0.641,0.602,0.896,-4.267,0.0437,0.0773,0.091,124.978,"Red","Red (Deluxe Edition)",2012
"Taylor Swift",0.395,0.705,0.621,-8.086,0.0334,0.101,0.147,109.993,"Treacherous","Red (Deluxe Edition)",2012
"Taylor Swift",0.679,0.622,0.469,-6.798,0.0363,0.00454,0.0398,77.019,"I Knew You Were Trouble.","Red (Deluxe Edition)",2012
"Taylor Swift",0.337,0.602,0.609,-7.803,0.0243,0.0382,0.127,93.06,"All Too Well","Red (Deluxe Edition)",2012
"Taylor Swift",0.668,0.658,0.729,-6.561,0.0378,0.00215,0.0752,104.007,"22","Red (Deluxe Edition)",2012
"Taylor Swift",0.233,0.567,0.481,-7.357,0.027,0.0173,0.182,145.865,"I Almost Do","Red (Deluxe Edition)",2012
"Taylor Swift",0.75,0.628,0.676,-5.911,0.0916,0.00957,0.102,85.984,"We Are Never Ever Getting Back Together","Red (Deluxe Edition)",2012
"Taylor Swift",0.928,0.729,0.748,-6.67,0.0245,0.307,0.09,99.981,"Stay Stay Stay","Red (Deluxe Edition)",2012
"Taylor Swift",0.123,0.505,0.443,-7.039,0.0276,0.035,0.0921,94.069,"The Last Time","Red (Deluxe Edition)",2012
"Taylor Swift",0.648,0.627,0.816,-6.698,0.0774,0.0162,0.0966,157.043,"Holy Ground","Red (Deluxe Edition)",2012
"Taylor Swift",0.261,0.624,0.34,-12.411,0.029,0.632,0.121,129.987,"Sad Beautiful Tragic","Red (Deluxe Edition)",2012
"Taylor Swift",0.545,0.706,0.499,-7.675,0.0369,0.0371,0.132,117.937,"The Lucky One","Red (Deluxe Edition)",2012
"Taylor Swift",0.436,0.624,0.458,-6.755,0.0287,0.36,0.303,80.017,"Everything Has Changed","Red (Deluxe Edition)",2012
"Taylor Swift",0.587,0.649,0.777,-5.804,0.0406,0.0213,0.221,126.018,"Starlight","Red (Deluxe Edition)",2012
"Taylor Swift",0.323,0.53,0.526,-8.349,0.0263,0.199,0.232,79.025,"Begin Again","Red (Deluxe Edition)",2012
"Taylor Swift",0.275,0.62,0.506,-7.327,0.0312,0.187,0.102,126.015,"The Moment I Knew","Red (Deluxe Edition)",2012
"Taylor Swift",0.217,0.483,0.548,-6.291,0.0254,0.00471,0.0997,79.926,"Come Back...Be Here","Red (Deluxe Edition)",2012
"Taylor Swift",0.633,0.733,0.59,-5.86,0.0284,0.272,0.136,125.048,"Girl At Home","Red (Deluxe Edition)",2012
"Taylor Swift",0.519,0.828,0.64,-8.248,0.0355,0.175,0.0996,109.993,"Treacherous - Original Demo Recording","Red (Deluxe Edition)",2012
"Taylor Swift",0.637,0.678,0.902,-4.659,0.0358,0.113,0.0722,124.998,"Red - Original Demo Recording","Red (Deluxe Edition)",2012
"Taylor Swift",0.0682,0.626,0.118,-15.91,0.0305,0.664,0.127,105.597,"State Of Grace - Acoustic","Red (Deluxe Edition)",2012
"Taylor Swift",0.397,0.588,0.825,-5.882,0.0328,0.000197,0.0885,129.968,"State Of Grace","Red",2012
"Taylor Swift",0.641,0.602,0.896,-4.267,0.0437,0.0773,0.091,124.978,"Red","Red",2012
"Taylor Swift",0.395,0.705,0.621,-8.086,0.0334,0.101,0.147,109.993,"Treacherous","Red",2012
"Taylor Swift",0.679,0.622,0.469,-6.798,0.0363,0.00454,0.0398,77.019,"I Knew You Were Trouble.","Red",2012
"Taylor Swift",0.337,0.602,0.609,-7.803,0.0243,0.0382,0.127,93.06,"All Too Well","Red",2012
"Taylor Swift",0.668,0.658,0.729,-6.561,0.0378,0.00215,0.0752,104.007,"22","Red",2012
"Taylor Swift",0.233,0.567,0.481,-7.357,0.027,0.0173,0.182,145.865,"I Almost Do","Red",2012
"Taylor Swift",0.75,0.628,0.676,-5.911,0.0916,0.00957,0.102,85.984,"We Are Never Ever Getting Back Together","Red",2012
"Taylor Swift",0.928,0.729,0.748,-6.67,0.0245,0.307,0.09,99.981,"Stay Stay Stay","Red",2012
"Taylor Swift",0.123,0.505,0.443,-7.039,0.0276,0.035,0.0921,94.069,"The Last Time","Red",2012
"Taylor Swift",0.648,0.627,0.816,-6.698,0.0774,0.0162,0.0966,157.043,"Holy Ground","Red",2012
"Taylor Swift",0.261,0.624,0.34,-12.411,0.029,0.632,0.121,129.987,"Sad Beautiful Tragic","Red",2012
"Taylor Swift",0.545,0.706,0.499,-7.675,0.0369,0.0371,0.132,117.937,"The Lucky One","Red",2012
"Taylor Swift",0.436,0.624,0.458,-6.755,0.0287,0.36,0.303,80.017,"Everything Has Changed","Red",2012
"Taylor Swift",0.587,0.649,0.777,-5.804,0.0406,0.0213,0.221,126.018,"Starlight","Red",2012
"Taylor Swift",0.323,0.53,0.526,-8.349,0.0263,0.199,0.232,79.025,"Begin Again","Red",2012
"Taylor Swift",0.298,0.455,0.783,-5.184,0.0393,0.00917,0.918,114.981,"Sparks Fly - Live/2011","Speak Now World Tour Live",2010
"Taylor Swift",0.442,0.496,0.852,-4.775,0.0373,0.00233,0.554,120.969,"Mine - Live/2011","Speak Now World Tour Live",2010
"Taylor Swift",0.472,0.419,0.908,-5.156,0.0651,0.00048,0.815,139.813,"The Story Of Us - Live","Speak Now World Tour Live",2010
"Taylor Swift",0.432,0.429,0.915,-4.373,0.069,0.154,0.693,163.752,"Mean - Live/2011","Speak Now World Tour Live",2010
"Taylor Swift",0.267,0.421,0.355,-10.21,0.0298,0.715,0.867,77.769,"Ours - Live/2011","Speak Now World Tour Live",2010
"Taylor Swift",0.171,0.374,0.516,-8.745,0.0294,0.155,0.795,142.057,"Back To December/Apologize/You're Not Sorry - Live/2011/Medley","Speak Now World Tour Live",2010
"Taylor Swift",0.386,0.445,0.887,-5.629,0.0768,0.00306,0.931,145.954,"Better Than Revenge - Live/2011","Speak Now World Tour Live",2010
"Taylor Swift",0.373,0.615,0.694,-5.251,0.0318,0.0636,0.83,118.876,"Speak Now - Live/2011","Speak Now World Tour Live",2010
"Taylor Swift",0.188,0.427,0.395,-12.551,0.0291,0.205,0.701,79.517,"Last Kiss - Live/2011","Speak Now World Tour Live",2010
"Taylor Swift",0.27,0.374,0.504,-8.407,0.0392,0.806,0.76,109.025,"Drops Of Jupiter - Live/2011","Speak Now World Tour Live",2010
"Taylor Swift",0.363,0.327,0.488,-9.287,0.0322,0.713,0.837,104.46,"Bette Davis Eyes - Live/2011","Speak Now World Tour Live",2010
"Taylor Swift",0.249,0.536,0.512,-6.794,0.0341,0.794,0.497,97.397,"I Want You Back - Live/2011","Speak Now World Tour Live",2010
"Taylor Swift",0.138,0.521,0.386,-8.784,0.0301,0.0157,0.884,119.518,"Dear John - Live/2011","Speak Now World Tour Live",2010
"Taylor Swift",0.214,0.34,0.663,-5.597,0.0331,0.0747,0.563,163.678,"Enchanted - Live/2011","Speak Now World Tour Live",2010
"Taylor Swift",0.177,0.338,0.818,-7.495,0.0496,0.0245,0.889,162.157,"Haunted - Live/2011","Speak Now World Tour Live",2010
"Taylor Swift",0.204,0.544,0.728,-5.838,0.0282,0.0053,0.865,101.939,"Long Live - Live/2011","Speak Now World Tour Live",2010
"Taylor Swift",0.658,0.624,0.757,-2.94,0.0296,0.00265,0.189,121.07,"Mine","Speak Now (Deluxe Edition)",2010
"Taylor Swift",0.374,0.605,0.787,-3.002,0.0308,0.0396,0.163,114.987,"Sparks Fly","Speak Now (Deluxe Edition)",2010
"Taylor Swift",0.286,0.529,0.67,-4.663,0.0303,0.117,0.334,141.893,"Back To December","Speak Now (Deluxe Edition)",2010
"Taylor Swift",0.735,0.709,0.599,-3.734,0.0304,0.095,0.0973,118.975,"Speak Now","Speak Now (Deluxe Edition)",2010
"Taylor Swift",0.102,0.589,0.47,-5.32,0.028,0.166,0.112,119.386,"Dear John","Speak Now (Deluxe Edition)",2010
"Taylor Swift",0.789,0.568,0.761,-3.987,0.0459,0.452,0.217,163.974,"Mean","Speak Now (Deluxe Edition)",2010
"Taylor Swift",0.683,0.543,0.818,-3.611,0.0398,0.00478,0.0357,139.898,"The Story Of Us","Speak Now (Deluxe Edition)",2010
"Taylor Swift",0.554,0.714,0.305,-8.837,0.0305,0.819,0.174,124.91,"Never Grow Up","Speak Now (Deluxe Edition)",2010
"Taylor Swift",0.208,0.455,0.623,-3.878,0.0288,0.0739,0.146,163.893,"Enchanted","Speak Now (Deluxe Edition)",2010
"Taylor Swift",0.635,0.516,0.917,-3.186,0.0827,0.0139,0.36,145.821,"Better Than Revenge","Speak Now (Deluxe Edition)",2010
"Taylor Swift",0.17,0.552,0.608,-5.29,0.0259,0.186,0.125,134.05,"Innocent","Speak Now (Deluxe Edition)",2010
"Taylor Swift",0.352,0.436,0.95,-2.627,0.057,0.0826,0.149,162.088,"Haunted","Speak Now (Deluxe Edition)",2010
"Taylor Swift",0.196,0.371,0.341,-9.475,0.0319,0.57,0.101,89.038,"Last Kiss","Speak Now (Deluxe Edition)",2010
"Taylor Swift",0.142,0.418,0.68,-4.3,0.0347,0.036,0.114,204.12,"Long Live","Speak Now (Deluxe Edition)",2010
"Taylor Swift",0.238,0.608,0.569,-7.227,0.0284,0.537,0.097,159.845,"Ours","Speak Now (Deluxe Edition)",2010
"Taylor Swift",0.289,0.511,0.719,-3.457,0.0265,0.166,0.34,147.852,"If This Was A Movie","Speak Now (Deluxe Edition)",2010
"Taylor Swift",0.559,0.582,0.765,-3.648,0.0324,0.0268,0.103,131.982,"Superman","Speak Now (Deluxe Edition)",2010
"Taylor Swift",0.377,0.541,0.453,-6.459,0.0266,0.748,0.2,141.757,"Back To December - Acoustic","Speak Now (Deluxe Edition)",2010
"Taylor Swift",0.313,0.563,0.443,-5.078,0.0247,0.842,0.293,80.962,"Haunted - Acoustic Version","Speak Now (Deluxe Edition)",2010
"Taylor Swift",0.679,0.695,0.723,-3.806,0.0285,0.00727,0.1,121.011,"Mine - POP Mix","Speak Now (Deluxe Edition)",2010
"Taylor Swift",0.658,0.624,0.757,-2.94,0.0296,0.00265,0.189,121.07,"Mine","Speak Now",2010
"Taylor Swift",0.374,0.605,0.787,-3.002,0.0308,0.0396,0.163,114.987,"Sparks Fly","Speak Now",2010
"Taylor Swift",0.286,0.529,0.67,-4.663,0.0303,0.117,0.334,141.893,"Back To December","Speak Now",2010
"Taylor Swift",0.735,0.709,0.599,-3.734,0.0304,0.095,0.0973,118.975,"Speak Now","Speak Now",2010
"Taylor Swift",0.102,0.589,0.47,-5.32,0.028,0.166,0.112,119.386,"Dear John","Speak Now",2010
"Taylor Swift",0.789,0.568,0.761,-3.987,0.0459,0.452,0.217,163.974,"Mean","Speak Now",2010
"Taylor Swift",0.683,0.543,0.818,-3.611,0.0398,0.00478,0.0357,139.898,"The Story Of Us","Speak Now",2010
"Taylor Swift",0.554,0.714,0.305,-8.837,0.0305,0.819,0.174,124.91,"Never Grow Up","Speak Now",2010
"Taylor Swift",0.208,0.455,0.623,-3.878,0.0288,0.0739,0.146,163.893,"Enchanted","Speak Now",2010
"Taylor Swift",0.635,0.516,0.917,-3.186,0.0827,0.0139,0.36,145.821,"Better Than Revenge","Speak Now",2010
"Taylor Swift",0.17,0.552,0.608,-5.29,0.0259,0.186,0.125,134.05,"Innocent","Speak Now",2010
"Taylor Swift",0.352,0.436,0.95,-2.627,0.057,0.0826,0.149,162.088,"Haunted","Speak Now",2010
"Taylor Swift",0.196,0.371,0.341,-9.475,0.0319,0.57,0.101,89.038,"Last Kiss","Speak Now",2010
"Taylor Swift",0.142,0.418,0.68,-4.3,0.0346,0.036,0.108,204.125,"Long Live","Speak Now",2010
"Taylor Swift",0.82,0.618,0.687,-5.737,0.0271,0.111,0.0693,79.991,"Jump Then Fall","Fearless Platinum Edition",2008
"Taylor Swift",0.288,0.419,0.454,-6.809,0.0335,0.0583,0.0974,200.017,"Untouchable","Fearless Platinum Edition",2008
"Taylor Swift",0.294,0.592,0.16,-10.785,0.0347,0.852,0.116,118.929,"Forever & Always - Piano Version","Fearless Platinum Edition",2008
"Taylor Swift",0.224,0.527,0.475,-6.205,0.0258,0.0868,0.248,143.962,"Come In With The Rain","Fearless Platinum Edition",2008
"Taylor Swift",0.228,0.61,0.531,-6.123,0.0239,0.367,0.351,85.979,"SuperStar","Fearless Platinum Edition",2008
"Taylor Swift",0.469,0.476,0.816,-4.279,0.0347,0.169,0.238,163.847,"The Other Side Of The Door","Fearless Platinum Edition",2008
"Taylor Swift",0.467,0.598,0.714,-4.397,0.0273,0.0364,0.31,99.979,"Fearless","Fearless Platinum Edition",2008
"Taylor Swift",0.214,0.559,0.636,-4.4,0.0263,0.0728,0.144,95.485,"Fifteen","Fearless Platinum Edition",2008
"Taylor Swift",0.307,0.618,0.736,-3.937,0.0308,0.157,0.073,118.982,"Love Story","Fearless Platinum Edition",2008
"Taylor Swift",0.825,0.843,0.553,-7.348,0.0317,0.168,0.107,115.997,"Hey Stephen","Fearless Platinum Edition",2008
"Taylor Swift",0.195,0.585,0.346,-8.014,0.0256,0.302,0.102,92.564,"White Horse","Fearless Platinum Edition",2008
"Taylor Swift",0.445,0.687,0.771,-4.424,0.0384,0.164,0.112,129.964,"You Belong With Me","Fearless Platinum Edition",2008
"Taylor Swift",0.17,0.498,0.486,-7.384,0.0273,0.373,0.113,147.952,"Breathe","Fearless Platinum Edition",2008
"Taylor Swift",0.513,0.601,0.852,-3.096,0.0386,0.0606,0.37,100.015,"Tell Me Why","Fearless Platinum Edition",2008
"Taylor Swift",0.281,0.459,0.459,-4.126,0.0275,0.13,0.113,134.018,"You're Not Sorry","Fearless Platinum Edition",2008
"Taylor Swift",0.379,0.436,0.712,-3.689,0.0329,0.0322,0.111,160.886,"The Way I Loved You","Fearless Platinum Edition",2008
"Taylor Swift",0.514,0.605,0.829,-4.993,0.0549,0.0907,0.106,128.012,"Forever & Always","Fearless Platinum Edition",2008
"Taylor Swift",0.364,0.664,0.447,-8.535,0.0292,0.611,0.139,126.079,"The Best Day","Fearless Platinum Edition",2008
"Taylor Swift",0.224,0.548,0.756,-4.175,0.036,0.00471,0.117,96.038,"Change","Fearless Platinum Edition",2008
"Taylor Swift",0.476,0.594,0.712,-4.418,0.0273,0.04,0.309,99.972,"Fearless","Fearless",2008
"Taylor Swift",0.203,0.556,0.651,-4.396,0.0266,0.067,0.145,95.485,"Fifteen","Fearless",2008
"Taylor Swift",0.296,0.618,0.741,-3.95,0.031,0.17,0.0822,118.984,"Love Story","Fearless",2008
"Taylor Swift",0.831,0.841,0.544,-7.347,0.0309,0.194,0.108,115.994,"Hey Stephen","Fearless",2008
"Taylor Swift",0.223,0.578,0.34,-8.027,0.0264,0.305,0.104,92.702,"White Horse","Fearless",2008
"Taylor Swift",0.443,0.687,0.783,-4.44,0.0386,0.162,0.114,129.964,"You Belong With Me","Fearless",2008
"Taylor Swift",0.184,0.505,0.482,-7.372,0.0276,0.379,0.113,73.975,"Breathe","Fearless",2008
"Taylor Swift",0.51,0.604,0.855,-3.097,0.038,0.0571,0.343,99.96,"Tell Me Why","Fearless",2008
"Taylor Swift",0.276,0.475,0.452,-4.134,0.027,0.146,0.108,133.959,"You're Not Sorry","Fearless",2008
"Taylor Swift",0.398,0.433,0.7,-3.709,0.0336,0.0408,0.115,160.927,"The Way I Loved You","Fearless",2008
"Taylor Swift",0.544,0.608,0.821,-4.985,0.0576,0.0752,0.11,128.042,"Forever & Always","Fearless",2008
"Taylor Swift",0.396,0.666,0.434,-8.543,0.0289,0.647,0.124,126.084,"The Best Day","Fearless",2008
"Taylor Swift",0.215,0.541,0.77,-4.17,0.0354,0.00408,0.117,96.013,"Change","Fearless",2008
"Taylor Swift",0.512,0.741,0.444,-7.031,0.0311,0.659,0.131,119.006,"Love Story - Live From Clear Channel Stripped 2008","Live From Clear Channel Stripped 2008",2008
"Taylor Swift",0.467,0.623,0.266,-5.894,0.026,0.814,0.145,96.601,"Fearless - Live From Clear Channel Stripped 2008","Live From Clear Channel Stripped 2008",2008
"Taylor Swift",0.457,0.627,0.704,-3.739,0.0269,0.596,0.0598,98.958,"Beautiful Eyes - Live From Clear Channel Stripped 2008","Live From Clear Channel Stripped 2008",2008
"Taylor Swift",0.331,0.731,0.184,-9.235,0.0418,0.856,0.0927,102.404,"Untouchable - Live From Clear Channel Stripped 2008","Live From Clear Channel Stripped 2008",2008
"Taylor Swift",0.615,0.344,0.801,-5.373,0.0574,0.664,0.106,204.489,"Teardrops On My Guitar - Live From Clear Channel Stripped 2008","Live From Clear Channel Stripped 2008",2008
"Taylor Swift",0.684,0.647,0.872,-1.953,0.0524,0.266,0.419,105.798,"Picture To Burn - Live From Clear Channel Stripped 2008","Live From Clear Channel Stripped 2008",2008
"Taylor Swift",0.438,0.429,0.808,-3.004,0.0677,0.399,0.0884,171.537,"Should've Said No - Live From Clear Channel Stripped 2008","Live From Clear Channel Stripped 2008",2008
"Taylor Swift",0.273,0.243,0.712,-4.307,0.0577,0.156,0.111,202.319,"Change - Live From Clear Channel Stripped 2008","Live From Clear Channel Stripped 2008",2008
"Taylor Swift",0.425,0.58,0.491,-6.462,0.0251,0.575,0.121,76.009,"Tim McGraw","Taylor Swift",2006
"Taylor Swift",0.821,0.658,0.877,-2.098,0.0323,0.173,0.0962,105.586,"Picture To Burn","Taylor Swift",2006
"Taylor Swift",0.289,0.621,0.417,-6.941,0.0231,0.288,0.119,99.953,"Teardrops On My Guitar - Radio Single Remix","Taylor Swift",2006
"Taylor Swift",0.428,0.576,0.777,-2.881,0.0324,0.051,0.32,115.028,"A Place in this World","Taylor Swift",2006
"Taylor Swift",0.261,0.418,0.482,-5.769,0.0266,0.217,0.123,175.558,"Cold As You","Taylor Swift",2006
"Taylor Swift",0.591,0.589,0.805,-4.055,0.0293,0.00491,0.24,112.982,"The Outside","Taylor Swift",2006
"Taylor Swift",0.192,0.479,0.578,-4.963,0.0294,0.525,0.0841,146.165,"Tied Together with a Smile","Taylor Swift",2006
"Taylor Swift",0.504,0.594,0.629,-4.919,0.0246,0.0868,0.137,131.597,"Stay Beautiful","Taylor Swift",2006
"Taylor Swift",0.472,0.476,0.777,-3.771,0.0289,0.0103,0.196,167.964,"Should've Said No","Taylor Swift",2006
"Taylor Swift",0.374,0.403,0.627,-5.28,0.0292,0.0177,0.182,74.9,"Mary's Song (Oh My My My)","Taylor Swift",2006
"Taylor Swift",0.539,0.668,0.672,-4.931,0.0303,0.111,0.329,89.011,"Our Song","Taylor Swift",2006
"Taylor Swift",0.518,0.563,0.934,-3.629,0.0646,0.00452,0.103,143.964,"I'm Only Me When I'm With You","Taylor Swift",2006
"Taylor Swift",0.233,0.612,0.394,-5.723,0.0243,0.637,0.147,96.001,"Invisible","Taylor Swift",2006
"Taylor Swift",0.268,0.483,0.751,-5.726,0.0365,0.00349,0.128,156.092,"A Perfectly Good Heart","Taylor Swift",2006
"Taylor Swift",0.483,0.459,0.753,-3.827,0.0537,0.0402,0.0863,199.997,"Teardrops on My Guitar - Pop Version","Taylor Swift",2006
"Ed Sheeran",0.464,0.658,0.632,-8.492,0.0298,0.748,0.169,135.924,"Magical","Autumn Variations (Fan Living Room Sessions)",2023
"Ed Sheeran",0.52,0.622,0.666,-10.786,0.0423,0.641,0.513,126.934,"England","Autumn Variations (Fan Living Room Sessions)",2023
"Ed Sheeran",0.374,0.809,0.664,-7.265,0.0373,0.429,0.131,116.996,"Amazing","Autumn Variations (Fan Living Room Sessions)",2023
"Ed Sheeran",0.384,0.713,0.727,-6.551,0.0528,0.621,0.0751,120.016,"Plastic Bag","Autumn Variations (Fan Living Room Sessions)",2023
"Ed Sheeran",0.414,0.668,0.314,-8.275,0.0298,0.888,0.222,78.019,"Blue","Autumn Variations (Fan Living Room Sessions)",2023
"Ed Sheeran",0.715,0.74,0.652,-5.668,0.0601,0.736,0.348,105.025,"American Town","Autumn Variations (Fan Living Room Sessions)",2023
"Ed Sheeran",0.575,0.822,0.696,-6.275,0.114,0.634,0.0624,106.995,"That’s On Me","Autumn Variations (Fan Living Room Sessions)",2023
"Ed Sheeran",0.62,0.774,0.604,-6.385,0.0404,0.623,0.0889,146.081,"Page","Autumn Variations (Fan Living Room Sessions)",2023
"Ed Sheeran",0.685,0.555,0.824,-5.843,0.0591,0.425,0.082,178.034,"Midnight","Autumn Variations (Fan Living Room Sessions)",2023
"Ed Sheeran",0.667,0.644,0.317,-11.565,0.0317,0.923,0.104,96.081,"Spring","Autumn Variations (Fan Living Room Sessions)",2023
"Ed Sheeran",0.616,0.534,0.407,-7.994,0.0261,0.844,0.113,154.059,"Punchline","Autumn Variations (Fan Living Room Sessions)",2023
"Ed Sheeran",0.488,0.614,0.244,-9.345,0.0301,0.935,0.112,126.381,"When Will I Be Alright","Autumn Variations (Fan Living Room Sessions)",2023
"Ed Sheeran",0.725,0.6,0.667,-5.504,0.0443,0.657,0.327,135.083,"The Day I Was Born","Autumn Variations (Fan Living Room Sessions)",2023
"Ed Sheeran",0.347,0.711,0.328,-9.172,0.0592,0.759,0.116,77.539,"Head > Heels","Autumn Variations (Fan Living Room Sessions)",2023
"Ed Sheeran",0.484,0.54,0.257,-8.223,0.0312,0.807,0.11,80.298,"Magical - Live from Brantlie’s Living Room","Autumn Variations (Fan Living Room Sessions)",2023
"Ed Sheeran",0.382,0.685,0.325,-6.706,0.0429,0.871,0.105,131.851,"England - Live from Maynard’s Living Room","Autumn Variations (Fan Living Room Sessions)",2023
"Ed Sheeran",0.925,0.911,0.353,-5.083,0.056,0.699,0.146,127.15,"Amazing - Live from Kia’s Living Room","Autumn Variations (Fan Living Room Sessions)",2023
"Ed Sheeran",0.534,0.722,0.274,-6.234,0.0414,0.872,0.112,126.456,"Plastic Bag - Live from Alex’s Living Room","Autumn Variations (Fan Living Room Sessions)",2023
"Ed Sheeran",0.389,0.441,0.319,-7.085,0.0351,0.893,0.241,168.399,"Blue - Live from Sarom’s Living Room","Autumn Variations (Fan Living Room Sessions)",2023
"Ed Sheeran",0.631,0.606,0.475,-4.255,0.045,0.813,0.102,106.149,"American Town - Live from Kari’s Living Room","Autumn Variations (Fan Living Room Sessions)",2023
"Ed Sheeran",0.776,0.685,0.665,-5.445,0.0877,0.748,0.0533,113.777,"That’s On Me - Live from Narine’s Living Room","Autumn Variations (Fan Living Room Sessions)",2023
"Ed Sheeran",0.353,0.479,0.416,-4.782,0.0371,0.883,0.0843,78.837,"Page - Live from Deborah’s Living Room","Autumn Variations (Fan Living Room Sessions)",2023
"Ed Sheeran",0.479,0.606,0.317,-7.322,0.044,0.881,0.117,99.691,"Midnight - Live from John’s Living Room","Autumn Variations (Fan Living Room Sessions)",2023
"Ed Sheeran",0.366,0.555,0.235,-10.655,0.036,0.908,0.103,102.194,"Spring - Live from Emily’s Living Room","Autumn Variations (Fan Living Room Sessions)",2023
"Ed Sheeran",0.414,0.639,0.407,-5.581,0.0306,0.836,0.0876,84.575,"Punchline - Live from Holly’s Living Room","Autumn Variations (Fan Living Room Sessions)",2023
"Ed Sheeran",0.362,0.584,0.215,-8.765,0.0335,0.943,0.0962,132.456,"When Will I Be Alright - Live from Kristen’s Living Room","Autumn Variations (Fan Living Room Sessions)",2023
"Ed Sheeran",0.607,0.674,0.472,-4.707,0.0421,0.777,0.217,77.027,"The Day I Was Born - Live from Danielle’s Living Room","Autumn Variations (Fan Living Room Sessions)",2023
"Ed Sheeran",0.354,0.693,0.139,-6.6,0.0414,0.92,0.0928,80.305,"Head > Heels - Live from Keira’s Living Room","Autumn Variations (Fan Living Room Sessions)",2023
"Ed Sheeran",0.464,0.658,0.632,-8.492,0.0298,0.748,0.169,135.924,"Magical","Autumn Variations",2023
"Ed Sheeran",0.52,0.622,0.666,-10.786,0.0423,0.641,0.513,126.934,"England","Autumn Variations",2023
"Ed Sheeran",0.374,0.809,0.664,-7.265,0.0373,0.429,0.131,116.996,"Amazing","Autumn Variations",2023
"Ed Sheeran",0.384,0.713,0.727,-6.551,0.0528,0.621,0.0751,120.016,"Plastic Bag","Autumn Variations",2023
"Ed Sheeran",0.414,0.668,0.314,-8.275,0.0298,0.888,0.222,78.019,"Blue","Autumn Variations",2023
"Ed Sheeran",0.715,0.74,0.652,-5.668,0.0601,0.736,0.348,105.025,"American Town","Autumn Variations",2023
"Ed Sheeran",0.575,0.822,0.696,-6.275,0.114,0.634,0.0624,106.995,"That’s On Me","Autumn Variations",2023
"Ed Sheeran",0.62,0.774,0.604,-6.385,0.0404,0.623,0.0889,146.081,"Page","Autumn Variations",2023
"Ed Sheeran",0.685,0.555,0.824,-5.843,0.0591,0.425,0.082,178.034,"Midnight","Autumn Variations",2023
"Ed Sheeran",0.667,0.644,0.317,-11.565,0.0317,0.923,0.104,96.081,"Spring","Autumn Variations",2023
"Ed Sheeran",0.616,0.534,0.407,-7.994,0.0261,0.844,0.113,154.059,"Punchline","Autumn Variations",2023
"Ed Sheeran",0.488,0.614,0.244,-9.345,0.0301,0.935,0.112,126.381,"When Will I Be Alright","Autumn Variations",2023
"Ed Sheeran",0.725,0.6,0.667,-5.504,0.0443,0.657,0.327,135.083,"The Day I Was Born","Autumn Variations",2023
"Ed Sheeran",0.347,0.711,0.328,-9.172,0.0592,0.759,0.116,77.539,"Head > Heels","Autumn Variations",2023
"Ed Sheeran",0.325,0.47,0.203,-8.676,0.0371,0.758,0.312,153.578,"Boat","- (Deluxe)",2023
"Ed Sheeran",0.279,0.584,0.374,-9.224,0.0337,0.617,0.0694,147.084,"Salt Water","- (Deluxe)",2023
"Ed Sheeran",0.309,0.793,0.52,-7.457,0.0696,0.246,0.0878,107.014,"Eyes Closed","- (Deluxe)",2023
"Ed Sheeran",0.456,0.629,0.312,-7.609,0.0318,0.813,0.169,77.044,"Life Goes On","- (Deluxe)",2023
"Ed Sheeran",0.616,0.711,0.55,-9.682,0.0332,0.226,0.12,146.928,"Dusty","- (Deluxe)",2023
"Ed Sheeran",0.316,0.663,0.436,-7.81,0.0359,0.488,0.116,143.197,"End Of Youth","- (Deluxe)",2023
"Ed Sheeran",0.156,0.428,0.296,-8.731,0.0396,0.85,0.0767,169.744,"Colourblind","- (Deluxe)",2023
"Ed Sheeran",0.443,0.5,0.757,-6.542,0.0522,0.0989,0.324,175.944,"Curtains","- (Deluxe)",2023
"Ed Sheeran",0.226,0.51,0.316,-10.001,0.0289,0.941,0.0936,139.917,"Borderline","- (Deluxe)",2023
"Ed Sheeran",0.399,0.56,0.616,-7.523,0.032,0.776,0.0901,172.031,"Spark","- (Deluxe)",2023
"Ed Sheeran",0.353,0.743,0.405,-7.901,0.0416,0.803,0.134,124.041,"Vega","- (Deluxe)",2023
"Ed Sheeran",0.35,0.592,0.32,-8.069,0.0331,0.727,0.259,134.085,"Sycamore","- (Deluxe)",2023
"Ed Sheeran",0.252,0.644,0.345,-6.433,0.0268,0.829,0.12,80.957,"No Strings","- (Deluxe)",2023
"Ed Sheeran",0.326,0.436,0.19,-7.693,0.0303,0.872,0.0971,79.571,"The Hills of Aberfeldy","- (Deluxe)",2023
"Ed Sheeran",0.155,0.764,0.233,-9.099,0.0302,0.86,0.0939,131.982,"Wildflowers - Bonus Track","- (Deluxe)",2023
"Ed Sheeran",0.4,0.695,0.322,-7.145,0.03,0.76,0.0895,119.937,"Stoned - Bonus Track","- (Deluxe)",2023
"Ed Sheeran",0.484,0.623,0.547,-7.077,0.0342,0.562,0.129,133.297,"Toughest - Bonus Track","- (Deluxe)",2023
"Ed Sheeran",0.728,0.611,0.394,-6.786,0.0306,0.763,0.153,74.998,"Moving - Bonus Track","- (Deluxe)",2023
"Ed Sheeran",0.427,0.631,0.825,-3.971,0.0433,0.0167,0.122,129.942,"Tides","= (Tour Edition)",2022
"Ed Sheeran",0.822,0.788,0.859,-2.724,0.0856,0.281,0.0424,141.02,"Shivers","= (Tour Edition)",2022
"Ed Sheeran",0.352,0.587,0.267,-9.206,0.0349,0.84,0.121,98.845,"First Times","= (Tour Edition)",2022
"Ed Sheeran",0.537,0.807,0.893,-3.745,0.0347,0.0451,0.366,126.011,"Bad Habits","= (Tour Edition)",2022
"Ed Sheeran",0.774,0.52,0.849,-3.794,0.186,0.00253,0.119,175.908,"Overpass Graffiti","= (Tour Edition)",2022
"Ed Sheeran",0.289,0.567,0.211,-9.975,0.0315,0.952,0.275,134.019,"The Joker And The Queen","= (Tour Edition)",2022
"Ed Sheeran",0.54,0.578,0.558,-5.438,0.0872,0.236,0.143,75.087,"Leave Your Life","= (Tour Edition)",2022
"Ed Sheeran",0.559,0.672,0.73,-4.77,0.0372,0.113,0.0612,123.969,"Collide","= (Tour Edition)",2022
"Ed Sheeran",0.632,0.763,0.661,-5.592,0.056,0.169,0.117,95.002,"2step","= (Tour Edition)",2022
"Ed Sheeran",0.743,0.686,0.765,-4.778,0.118,0.0122,0.127,99.998,"Stop The Rain","= (Tour Edition)",2022
"Ed Sheeran",0.426,0.485,0.54,-5.4,0.0253,0.668,0.0849,62.631,"Love In Slow Motion","= (Tour Edition)",2022
"Ed Sheeran",0.263,0.471,0.396,-6.654,0.0336,0.77,0.0729,149.609,"Visiting Hours","= (Tour Edition)",2022
"Ed Sheeran",0.734,0.822,0.3,-8.034,0.0673,0.882,0.0665,125.951,"Sandman","= (Tour Edition)",2022
"Ed Sheeran",0.442,0.501,0.684,-6.706,0.0566,0.00494,0.0524,131.952,"Be Right Now","= (Tour Edition)",2022
"Ed Sheeran",0.273,0.641,0.324,-5.851,0.0299,0.698,0.328,110.184,"Afterglow","= (Tour Edition)",2022
"Ed Sheeran",0.425,0.573,0.593,-7.225,0.0299,0.114,0.122,159.978,"One Life","= (Tour Edition)",2022
"Ed Sheeran",0.47,0.709,0.324,-10.975,0.0444,0.79,0.1,99.906,"Penguins","= (Tour Edition)",2022
"Ed Sheeran",0.721,0.743,0.807,-5.917,0.0538,0.404,0.0723,145.01,"I Will Remember You","= (Tour Edition)",2022
"Ed Sheeran",0.426,0.334,0.307,-8.522,0.033,0.818,0.362,169.53,"Welcome To The World","= (Tour Edition)",2022
"Ed Sheeran",0.307,0.528,0.309,-7.398,0.0329,0.924,0.282,133.83,"The Joker And The Queen (feat. Taylor Swift)","= (Tour Edition)",2022
"Ed Sheeran",0.477,0.693,0.643,-5.867,0.0828,0.138,0.108,95.055,"2step (feat. Lil Baby)","= (Tour Edition)",2022
"Ed Sheeran",0.178,0.59,0.849,-4.691,0.0792,0.0305,0.11,131.018,"Bad Habits (feat. Bring Me The Horizon)","= (Tour Edition)",2022
"Ed Sheeran",0.714,0.956,0.417,-7.892,0.0926,0.572,0.0782,108.015,"Peru","= (Tour Edition)",2022
"Ed Sheeran",0.427,0.631,0.825,-3.971,0.0433,0.0167,0.122,129.942,"Tides","=",2021
"Ed Sheeran",0.822,0.788,0.859,-2.724,0.0856,0.281,0.0424,141.02,"Shivers","=",2021
"Ed Sheeran",0.352,0.587,0.267,-9.206,0.0349,0.84,0.121,98.845,"First Times","=",2021
"Ed Sheeran",0.537,0.807,0.893,-3.745,0.0347,0.0451,0.366,126.011,"Bad Habits","=",2021
"Ed Sheeran",0.774,0.52,0.849,-3.794,0.186,0.00253,0.119,175.908,"Overpass Graffiti","=",2021
"Ed Sheeran",0.289,0.567,0.211,-9.975,0.0315,0.952,0.275,134.019,"The Joker And The Queen","=",2021
"Ed Sheeran",0.54,0.578,0.558,-5.438,0.0872,0.236,0.143,75.087,"Leave Your Life","=",2021
"Ed Sheeran",0.559,0.672,0.73,-4.77,0.0372,0.113,0.0612,123.969,"Collide","=",2021
"Ed Sheeran",0.632,0.763,0.661,-5.592,0.056,0.169,0.117,95.002,"2step","=",2021
"Ed Sheeran",0.743,0.686,0.765,-4.778,0.118,0.0122,0.127,99.998,"Stop The Rain","=",2021
"Ed Sheeran",0.426,0.485,0.54,-5.4,0.0253,0.668,0.0849,62.631,"Love In Slow Motion","=",2021
"Ed Sheeran",0.263,0.471,0.396,-6.654,0.0336,0.77,0.0729,149.609,"Visiting Hours","=",2021
"Ed Sheeran",0.734,0.822,0.3,-8.034,0.0673,0.882,0.0665,125.951,"Sandman","=",2021
"Ed Sheeran",0.442,0.501,0.684,-6.706,0.0566,0.00494,0.0524,131.952,"Be Right Now","=",2021
"Ed Sheeran",0.477,0.693,0.643,-5.867,0.0828,0.138,0.108,95.055,"2step (feat. Lil Baby)","2step (The Remixes)",2021
"Ed Sheeran",0.685,0.727,0.69,-5.063,0.0721,0.16,0.137,94.935,"2step (feat. Ultimo)","2step (The Remixes)",2021
"Ed Sheeran",0.552,0.726,0.671,-5.402,0.161,0.14,0.139,95.053,"2step (feat. Potter Payper)","2step (The Remixes)",2021
"Ed Sheeran",0.599,0.506,0.695,-5.185,0.105,0.235,0.151,93.75,"2step (feat. Antytila)","2step (The Remixes)",2021
"Ed Sheeran",0.522,0.73,0.701,-5.318,0.0447,0.273,0.0657,94.97,"2step (feat. Leto)","2step (The Remixes)",2021
"Ed Sheeran",0.615,0.705,0.741,-4.33,0.0683,0.167,0.216,94.962,"2step (feat. Ellinoora)","2step (The Remixes)",2021
"Ed Sheeran",0.617,0.674,0.663,-5.084,0.084,0.157,0.13,94.818,"2step (feat. 1.Cuz)","2step (The Remixes)",2021
"Ed Sheeran",0.565,0.727,0.621,-4.784,0.0555,0.212,0.114,94.958,"2step (feat. Budjerah)","2step (The Remixes)",2021
"Ed Sheeran",0.54,0.669,0.916,-4.961,0.038,0.254,0.356,129.956,"2step (Star.One Remix)","2step (The Remixes)",2021
"Ed Sheeran",0.504,0.731,0.642,-5.106,0.0695,0.209,0.242,94.961,"2step (feat. Chefin)","2step (The Remixes)",2021
"Ed Sheeran",0.499,0.734,0.68,-5.096,0.058,0.179,0.169,95.06,"2step (feat. reezy)","2step (The Remixes)",2021
"Ed Sheeran",0.537,0.72,0.709,-5.308,0.0827,0.171,0.141,94.99,"2step (feat. Quevedo)","2step (The Remixes)",2021
"Ed Sheeran",0.492,0.728,0.69,-4.788,0.084,0.21,0.113,94.986,"2step (feat. Denise Chaila)","2step (The Remixes)",2021
"Ed Sheeran",0.508,0.747,0.667,-5.181,0.0566,0.18,0.146,95,"2step (feat. Armaan Malik)","2step (The Remixes)",2021
"Ed Sheeran",0.546,0.64,0.647,-8.114,0.186,0.124,0.0801,92.979,"Beautiful People (feat. Khalid)","No.6 Collaborations Project",2019
"Ed Sheeran",0.668,0.857,0.621,-6.376,0.0825,0.148,0.0865,97.989,"South of the Border (feat. Camila Cabello & Cardi B)","No.6 Collaborations Project",2019
"Ed Sheeran",0.607,0.746,0.787,-6.373,0.12,0.212,0.0669,95.005,"Cross Me (feat. Chance the Rapper & PnB Rock)","No.6 Collaborations Project",2019
"Ed Sheeran",0.605,0.885,0.762,-5.513,0.216,0.219,0.162,138.058,"Take Me Back to London (feat. Stormzy)","No.6 Collaborations Project",2019
"Ed Sheeran",0.239,0.565,0.243,-8.367,0.0317,0.758,0.285,81.655,"Best Part of Me (feat. YEBBA)","No.6 Collaborations Project",2019
"Ed Sheeran",0.843,0.798,0.676,-5.041,0.0442,0.0902,0.0894,101.956,"I Don't Care (with Justin Bieber)","No.6 Collaborations Project",2019
"Ed Sheeran",0.91,0.716,0.823,-5.313,0.0495,0.132,0.361,151.957,"Antisocial (with Travis Scott)","No.6 Collaborations Project",2019
"Ed Sheeran",0.726,0.852,0.666,-6.923,0.184,0.135,0.798,91.046,"Remember The Name (feat. Eminem & 50 Cent)","No.6 Collaborations Project",2019
"Ed Sheeran",0.69,0.665,0.68,-4.898,0.291,0.112,0.096,91.667,"Feels (feat. Young Thug & J Hus)","No.6 Collaborations Project",2019
"Ed Sheeran",0.388,0.627,0.594,-8.306,0.0479,0.256,0.373,101.007,"Put It All on Me (feat. Ella Mai)","No.6 Collaborations Project",2019
"Ed Sheeran",0.84,0.747,0.649,-6.218,0.218,0.333,0.172,88.011,"Nothing On You (feat. Paulo Londra & Dave)","No.6 Collaborations Project",2019
"Ed Sheeran",0.762,0.468,0.63,-6.536,0.0843,0.31,0.137,91.419,"I Don't Want Your Money (feat. H.E.R.)","No.6 Collaborations Project",2019
"Ed Sheeran",0.513,0.778,0.589,-5.548,0.269,0.467,0.0902,98.001,"1000 Nights (feat. Meek Mill & A Boogie Wit da Hoodie)","No.6 Collaborations Project",2019
"Ed Sheeran",0.437,0.726,0.731,-6.298,0.159,0.11,0.0928,170.125,"Way To Break My Heart (feat. Skrillex)","No.6 Collaborations Project",2019
"Ed Sheeran",0.596,0.631,0.796,-5.35,0.0401,0.000245,0.38,92.47,"BLOW (with Chris Stapleton & Bruno Mars)","No.6 Collaborations Project",2019
"Ed Sheeran",0.914,0.64,0.812,-5.647,0.0834,0.086,0.0509,86.013,"Eraser","÷ (Deluxe)",2017
"Ed Sheeran",0.471,0.461,0.834,-4.868,0.0989,0.0232,0.14,135.007,"Castle on the Hill","÷ (Deluxe)",2017
"Ed Sheeran",0.526,0.761,0.386,-6.158,0.0399,0.355,0.0953,134.943,"Dive","÷ (Deluxe)",2017
"Ed Sheeran",0.931,0.825,0.652,-3.183,0.0802,0.581,0.0931,95.977,"Shape of You","÷ (Deluxe)",2017
"Ed Sheeran",0.168,0.599,0.448,-6.312,0.0232,0.163,0.106,95.05,"Perfect","÷ (Deluxe)",2017
"Ed Sheeran",0.781,0.624,0.876,-3.374,0.1,0.0735,0.327,99.943,"Galway Girl","÷ (Deluxe)",2017
"Ed Sheeran",0.236,0.522,0.385,-7.355,0.0288,0.536,0.135,89.792,"Happier","÷ (Deluxe)",2017
"Ed Sheeran",0.862,0.78,0.745,-3.97,0.145,0.0559,0.0595,94.026,"New Man","÷ (Deluxe)",2017
"Ed Sheeran",0.181,0.604,0.366,-7.881,0.0267,0.719,0.162,105.177,"Hearts Don't Break Around Here","÷ (Deluxe)",2017
"Ed Sheeran",0.895,0.838,0.492,-5.69,0.038,0.251,0.262,115.092,"What Do I Know?","÷ (Deluxe)",2017
"Ed Sheeran",0.242,0.617,0.439,-5.63,0.0269,0.424,0.127,139.979,"How Would You Feel (Paean)","÷ (Deluxe)",2017
"Ed Sheeran",0.257,0.589,0.242,-10.517,0.0442,0.914,0.0887,89.749,"Supermarket Flowers","÷ (Deluxe)",2017
"Ed Sheeran",0.682,0.747,0.76,-4.294,0.187,0.448,0.153,99.975,"Barcelona","÷ (Deluxe)",2017
"Ed Sheeran",0.882,0.738,0.677,-5.121,0.0824,0.52,0.133,127.067,"Bibia Be Ye Ye","÷ (Deluxe)",2017
"Ed Sheeran",0.858,0.68,0.852,-4.35,0.0349,0.117,0.0866,101.993,"Nancy Mulligan","÷ (Deluxe)",2017
"Ed Sheeran",0.481,0.552,0.29,-5.617,0.0448,0.85,0.227,78.842,"Save Myself","÷ (Deluxe)",2017
"Ed Sheeran",0.819,0.689,0.563,-5.539,0.275,0.692,0.0579,129.517,"You Need Me, I Don't Need You","5",2014
"Ed Sheeran",0.391,0.521,0.133,-10.599,0.0431,0.853,0.35,140.077,"So","5",2014
"Ed Sheeran",0.59,0.671,0.388,-6.516,0.0762,0.715,0.192,105.869,"Be Like You","5",2014
"Ed Sheeran",0.701,0.689,0.369,-7.183,0.357,0.74,0.122,102.565,"The City","5",2014
"Ed Sheeran",0.33,0.533,0.17,-11.342,0.0668,0.842,0.113,116.852,"Sunburn","5",2014
"Ed Sheeran",0.619,0.731,0.603,-7.656,0.0378,0.645,0.147,96.973,"Let It Out","5",2014
"Ed Sheeran",0.875,0.754,0.636,-7.129,0.193,0.519,0.108,90.001,"Homeless","5",2014
"Ed Sheeran",0.278,0.826,0.485,-7.424,0.0354,0.569,0.107,104.011,"Little Bird","5",2014
"Ed Sheeran",0.52,0.646,0.65,-6.491,0.0278,0.14,0.0999,100.05,"Sofa","5",2014
"Ed Sheeran",0.636,0.781,0.836,-5.496,0.0658,0.379,0.289,94.989,"One Night","5",2014
"Ed Sheeran",0.36,0.602,0.31,-11.469,0.0373,0.886,0.105,159.917,"Firefly","5",2014
"Ed Sheeran",0.837,0.712,0.569,-6.032,0.204,0.507,0.412,105.032,"The City - Live at Sticky Studios; Loose Change EP","5",2014
"Ed Sheeran",0.49,0.629,0.663,-10.516,0.0283,0.28,0.0811,139.982,"Firefly - Bravado Dubstep Remix","5",2014
"Ed Sheeran",0.188,0.559,0.283,-9.827,0.0323,0.632,0.126,82.552,"Fall","5",2014
"Ed Sheeran",0.379,0.602,0.286,-9.886,0.0296,0.772,0.162,102.009,"Fire Alarms","5",2014
"Ed Sheeran",0.275,0.68,0.248,-11.592,0.031,0.838,0.0907,119.944,"Where We Land","5",2014
"Ed Sheeran",0.403,0.544,0.529,-6.753,0.0256,0.453,0.131,92.936,"Cold Coffee","5",2014
"Ed Sheeran",0.377,0.573,0.344,-10.91,0.0361,0.811,0.13,157.783,"She","5",2014
"Ed Sheeran",0.496,0.402,0.339,-9.574,0.0498,0.728,0.833,83.194,"The A Team - Live at the Bedford","5",2014
"Ed Sheeran",0.713,0.601,0.879,-5.215,0.0945,0.62,0.464,99.377,"Homeless - Live at the Bedford","5",2014
"Ed Sheeran",0.81,0.602,0.8,-5.91,0.0734,0.545,0.656,109.921,"The City - Live at the Bedford","5",2014
"Ed Sheeran",0.393,0.494,0.0964,-16.691,0.0532,0.807,0.936,86.676,"Fall - Live at the Bedford","5",2014
"Ed Sheeran",0.361,0.616,0.141,-17.161,0.532,0.792,0.897,107.874,"Wake Me Up - Live at the Bedford","5",2014
"Ed Sheeran",0.781,0.506,0.911,-4.779,0.23,0.48,0.696,105.475,"You Need Me, I Don't Need You - Live at the Bedford","5",2014
"Ed Sheeran",0.329,0.718,0.82,-5.552,0.103,0.0928,0.391,90.013,"Lately (feat. Devlin)","5",2014
"Ed Sheeran",0.189,0.799,0.532,-9.472,0.0707,0.386,0.0978,100.032,"You (feat. Wiley)","5",2014
"Ed Sheeran",0.297,0.476,0.704,-5.411,0.278,0.515,0.094,140.396,"Family (feat. P Money)","5",2014
"Ed Sheeran",0.759,0.693,0.833,-5.408,0.263,0.214,0.117,99.901,"Radio (feat. JME)","5",2014
"Ed Sheeran",0.437,0.437,0.5,-7.103,0.105,0.731,0.157,85.293,"Little Lady (feat. Mikill Pane)","5",2014
"Ed Sheeran",0.426,0.511,0.91,-6.186,0.116,0.0282,0.127,140.147,"Drown Me Out (feat. Ghetts) - + Ghetts","5",2014
"Ed Sheeran",0.429,0.855,0.678,-6.864,0.052,0.101,0.0964,120.012,"Nightmares (feat. Random Impulse, Sway & Wretch 32)","5",2014
"Ed Sheeran",0.275,0.64,0.664,-7.812,0.152,0.267,0.329,140.007,"Goodbye to You (feat. Dot Rotten)","5",2014
"Ed Sheeran",0.306,0.464,0.321,-11.12,0.0418,0.877,0.0789,93.528,"One","x (Deluxe Edition)",2014
"Ed Sheeran",0.336,0.697,0.377,-7.755,0.0397,0.556,0.0999,138.754,"I'm a Mess","x (Deluxe Edition)",2014
"Ed Sheeran",0.939,0.818,0.67,-4.451,0.0472,0.304,0.0601,119.988,"Sing","x (Deluxe Edition)",2014
"Ed Sheeran",0.849,0.806,0.608,-7.008,0.0659,0.0113,0.635,95.049,"Don't","x (Deluxe Edition)",2014
"Ed Sheeran",0.809,0.791,0.669,-7.189,0.146,0.175,0.33,92.013,"Nina","x (Deluxe Edition)",2014
"Ed Sheeran",0.201,0.614,0.379,-10.48,0.0476,0.607,0.0986,107.989,"Photograph","x (Deluxe Edition)",2014
"Ed Sheeran",0.543,0.66,0.316,-11.567,0.0364,0.529,0.104,91.207,"Bloodstream","x (Deluxe Edition)",2014
"Ed Sheeran",0.359,0.53,0.346,-10.497,0.0376,0.697,0.105,121.876,"Tenerife Sea","x (Deluxe Edition)",2014
"Ed Sheeran",0.908,0.767,0.449,-7.158,0.0364,0.024,0.151,95.03,"Runaway","x (Deluxe Edition)",2014
"Ed Sheeran",0.619,0.759,0.725,-7.006,0.158,0.576,0.0771,87.467,"The Man","x (Deluxe Edition)",2014
"Ed Sheeran",0.591,0.781,0.445,-6.061,0.0295,0.474,0.184,78.998,"Thinking out Loud","x (Deluxe Edition)",2014
"Ed Sheeran",0.333,0.552,0.637,-6.568,0.0445,0.464,0.136,97.97,"Afire Love","x (Deluxe Edition)",2014
"Ed Sheeran",0.904,0.754,0.613,-6.342,0.229,0.318,0.335,113.196,"Take It Back","x (Deluxe Edition)",2014
"Ed Sheeran",0.752,0.752,0.76,-5.34,0.0341,0.319,0.335,107.034,"Shirtsleeves","x (Deluxe Edition)",2014
"Ed Sheeran",0.295,0.58,0.318,-8.926,0.0279,0.756,0.117,129.757,"Even My Dad Does Sometimes","x (Deluxe Edition)",2014
"Ed Sheeran",0.297,0.641,0.176,-11.692,0.0349,0.638,0.252,76.031,"I See Fire","x (Deluxe Edition)",2014
"Ed Sheeran",0.306,0.464,0.321,-11.12,0.0418,0.877,0.0789,93.528,"One","x (Wembley Edition)",2013
"Ed Sheeran",0.336,0.697,0.377,-7.755,0.0397,0.556,0.0999,138.754,"I'm a Mess","x (Wembley Edition)",2013
"Ed Sheeran",0.939,0.818,0.67,-4.451,0.0472,0.304,0.0601,119.988,"Sing","x (Wembley Edition)",2013
"Ed Sheeran",0.849,0.806,0.608,-7.008,0.0659,0.0113,0.635,95.049,"Don't","x (Wembley Edition)",2013
"Ed Sheeran",0.809,0.791,0.669,-7.189,0.146,0.175,0.33,92.013,"Nina","x (Wembley Edition)",2013
"Ed Sheeran",0.201,0.614,0.379,-10.48,0.0476,0.607,0.0986,107.989,"Photograph","x (Wembley Edition)",2013
"Ed Sheeran",0.543,0.66,0.316,-11.567,0.0364,0.529,0.104,91.207,"Bloodstream","x (Wembley Edition)",2013
"Ed Sheeran",0.359,0.53,0.346,-10.497,0.0376,0.697,0.105,121.876,"Tenerife Sea","x (Wembley Edition)",2013
"Ed Sheeran",0.908,0.767,0.449,-7.158,0.0364,0.024,0.151,95.03,"Runaway","x (Wembley Edition)",2013
"Ed Sheeran",0.619,0.759,0.725,-7.006,0.158,0.576,0.0771,87.467,"The Man","x (Wembley Edition)",2013
"Ed Sheeran",0.591,0.781,0.445,-6.061,0.0295,0.474,0.184,78.998,"Thinking out Loud","x (Wembley Edition)",2013
"Ed Sheeran",0.333,0.552,0.637,-6.568,0.0445,0.464,0.136,97.97,"Afire Love","x (Wembley Edition)",2013
"Ed Sheeran",0.904,0.754,0.613,-6.342,0.229,0.318,0.335,113.196,"Take It Back","x (Wembley Edition)",2013
"Ed Sheeran",0.752,0.752,0.76,-5.34,0.0341,0.319,0.335,107.034,"Shirtsleeves","x (Wembley Edition)",2013
"Ed Sheeran",0.295,0.58,0.318,-8.926,0.0279,0.756,0.117,129.757,"Even My Dad Does Sometimes","x (Wembley Edition)",2013
"Ed Sheeran",0.297,0.641,0.176,-11.692,0.0349,0.638,0.252,76.031,"I See Fire","x (Wembley Edition)",2013
"Ed Sheeran",0.287,0.54,0.557,-6.097,0.0259,0.00886,0.307,75.035,"All of the Stars","x (Wembley Edition)",2013
"Ed Sheeran",0.184,0.579,0.649,-6.522,0.0352,0.0977,0.125,114.593,"English Rose","x (Wembley Edition)",2013
"Ed Sheeran",0.733,0.812,0.542,-5.403,0.0444,0.294,0.141,110.268,"Touch and Go","x (Wembley Edition)",2013
"Ed Sheeran",0.474,0.728,0.461,-8.726,0.0395,0.707,0.113,86.014,"New York","x (Wembley Edition)",2013
"Ed Sheeran",0.327,0.618,0.239,-8.371,0.0274,0.791,0.1,96.846,"Make It Rain","x (Wembley Edition)",2013
"Ed Sheeran",0.541,0.389,0.369,-6.886,0.0404,0.598,0.96,102.625,"Parting Glass - Live at Wembley Stadium","x (Wembley Edition)",2013
"Ed Sheeran",0.237,0.69,0.696,-7.432,0.183,0.219,0.958,125.735,"Small Bump - Live at Wembley Stadium","x (Wembley Edition)",2013
"Ed Sheeran",0.483,0.669,0.747,-7.108,0.0428,0.141,0.185,122.531,"Lay It All on Me (feat. Ed Sheeran)","x (Wembley Edition)",2013
"Ed Sheeran",0.619,0.731,0.603,-7.656,0.0378,0.645,0.147,96.973,"Let It Out","Loose Change",2011
"Ed Sheeran",0.875,0.754,0.636,-7.129,0.193,0.519,0.108,90.001,"Homeless","Loose Change",2011
"Ed Sheeran",0.278,0.826,0.485,-7.424,0.0354,0.569,0.107,104.011,"Little Bird","Loose Change",2011
"Ed Sheeran",0.52,0.646,0.65,-6.491,0.0278,0.14,0.0999,100.05,"Sofa","Loose Change",2011
"Ed Sheeran",0.636,0.781,0.836,-5.496,0.0658,0.379,0.289,94.989,"One Night","Loose Change",2011
"Ed Sheeran",0.36,0.602,0.31,-11.469,0.0373,0.886,0.105,159.917,"Firefly","Loose Change",2011
"Ed Sheeran",0.837,0.712,0.569,-6.032,0.204,0.507,0.412,105.032,"The City - Live at Sticky Studios; Loose Change EP","Loose Change",2011
"Ed Sheeran",0.49,0.629,0.663,-10.516,0.0283,0.28,0.0811,139.982,"Firefly - Bravado Dubstep Remix","Loose Change",2011
"Ed Sheeran",0.496,0.402,0.339,-9.574,0.0498,0.728,0.833,83.194,"The A Team - Live at the Bedford","Live at the Bedford",2011
"Ed Sheeran",0.713,0.601,0.879,-5.215,0.0945,0.62,0.464,99.377,"Homeless - Live at the Bedford","Live at the Bedford",2011
"Ed Sheeran",0.81,0.602,0.8,-5.91,0.0734,0.545,0.656,109.921,"The City - Live at the Bedford","Live at the Bedford",2011
"Ed Sheeran",0.393,0.494,0.0964,-16.691,0.0532,0.807,0.936,86.676,"Fall - Live at the Bedford","Live at the Bedford",2011
"Ed Sheeran",0.361,0.616,0.141,-17.161,0.532,0.792,0.897,107.874,"Wake Me Up - Live at the Bedford","Live at the Bedford",2011
"Ed Sheeran",0.781,0.506,0.911,-4.779,0.23,0.48,0.696,105.475,"You Need Me, I Don't Need You - Live at the Bedford","Live at the Bedford",2011
"Ed Sheeran",0.329,0.718,0.82,-5.552,0.103,0.0928,0.391,90.013,"Lately (feat. Devlin)","No.5 Collaborations Project",2011
"Ed Sheeran",0.189,0.799,0.532,-9.472,0.0707,0.386,0.0978,100.032,"You (feat. Wiley)","No.5 Collaborations Project",2011
"Ed Sheeran",0.297,0.476,0.704,-5.411,0.278,0.515,0.094,140.396,"Family (feat. P Money)","No.5 Collaborations Project",2011
"Ed Sheeran",0.759,0.693,0.833,-5.408,0.263,0.214,0.117,99.901,"Radio (feat. JME)","No.5 Collaborations Project",2011
"Ed Sheeran",0.437,0.437,0.5,-7.103,0.105,0.731,0.157,85.293,"Little Lady (feat. Mikill Pane)","No.5 Collaborations Project",2011
"Ed Sheeran",0.426,0.511,0.91,-6.186,0.116,0.0282,0.127,140.147,"Drown Me Out (feat. Ghetts) - + Ghetts","No.5 Collaborations Project",2011
"Ed Sheeran",0.429,0.855,0.678,-6.864,0.052,0.101,0.0964,120.012,"Nightmares (feat. Random Impulse, Sway & Wretch 32)","No.5 Collaborations Project",2011
"Ed Sheeran",0.275,0.64,0.664,-7.812,0.152,0.267,0.329,140.007,"Goodbye to You (feat. Dot Rotten)","No.5 Collaborations Project",2011
"Ed Sheeran",0.407,0.642,0.289,-9.918,0.0367,0.669,0.18,84.996,"The A Team","+",2011
"Ed Sheeran",0.459,0.733,0.652,-9.101,0.0696,0.419,0.521,99.998,"Drunk","+",2011
"Ed Sheeran",0.578,0.422,0.405,-11.126,0.101,0.323,0.15,74.13,"U.N.I.","+",2011
"Ed Sheeran",0.781,0.74,0.807,-9.976,0.0363,0.0446,0.0538,101.042,"Grade 8","+",2011
"Ed Sheeran",0.336,0.616,0.209,-13.43,0.406,0.902,0.139,86.891,"Wake Me Up","+",2011
"Ed Sheeran",0.446,0.81,0.436,-12.683,0.0717,0.689,0.11,119.973,"Small Bump","+",2011
"Ed Sheeran",0.502,0.588,0.0929,-14.301,0.0443,0.95,0.128,152.139,"This","+",2011
"Ed Sheeran",0.646,0.74,0.505,-10.338,0.0674,0.0415,0.0707,97.994,"The City","+",2011
"Ed Sheeran",0.565,0.592,0.637,-8.48,0.0992,0.562,0.13,159.701,"Lego House","+",2011
"Ed Sheeran",0.927,0.749,0.837,-8.837,0.0512,0.162,0.525,103.483,"You Need Me, I Don't Need You","+",2011
"Ed Sheeran",0.182,0.589,0.227,-16.67,0.0498,0.64,0.0248,74.993,"Kiss Me","+",2011
"Ed Sheeran",0.11,0.526,0.328,-9.864,0.0461,0.694,0.112,116.068,"Give Me Love","+",2011
"Ed Sheeran",0.431,0.555,0.257,-12.637,0.0299,0.892,0.124,89.013,"Autumn Leaves - Deluxe Edition","+",2011
"Ed Sheeran",0.284,0.843,0.425,-8.676,0.0352,0.565,0.102,104.02,"Little Bird - Deluxe Edition","+",2011
"Ed Sheeran",0.889,0.74,0.248,-12.659,0.109,0.729,0.141,83.786,"Gold Rush - Deluxe Edition","+",2011
"Ed Sheeran",0.234,0.464,0.098,-12.119,0.0376,0.865,0.101,78.864,"Sunburn - Deluxe Edition","+",2011
